{
    "macro_config": {
        "Epochs": 5,
        "BatchSize": 64,
        "LR": 0.001
    },
    "best_roc_auc": 0.990219,
    "optimized_xgboost_params": {
        "n_estimators": 497,
        "learning_rate": 0.1097825358685734,
        "max_depth": 5,
        "reg_alpha": 0.5862754529251069,
        "reg_lambda": 6.578009300564839
    }
}