{
    "macro_config": {
        "Epochs": 5,
        "BatchSize": 64,
        "LR": 0.001
    },
    "best_roc_auc": 0.991509,
    "optimized_xgboost_params": {
        "n_estimators": 483,
        "learning_rate": 0.21990212352409996,
        "max_depth": 5,
        "reg_alpha": 4.866705802617611,
        "reg_lambda": 9.691267908964965
    }
}