{
    "macro_config": {
        "Epochs": 5,
        "BatchSize": 64,
        "LR": 0.001
    },
    "best_roc_auc": 0.990086,
    "optimized_xgboost_params": {
        "n_estimators": 481,
        "learning_rate": 0.15170536551123392,
        "max_depth": 7,
        "reg_alpha": 9.448452600520937,
        "reg_lambda": 1.3508887935952163
    }
}