{
    "macro_config": {
        "Epochs": 5,
        "BatchSize": 64,
        "LR": 0.001
    },
    "best_roc_auc": 0.99149,
    "optimized_xgboost_params": {
        "n_estimators": 202,
        "learning_rate": 0.02428231043086938,
        "max_depth": 5,
        "reg_alpha": 7.867761927919457,
        "reg_lambda": 32.86830318823016
    }
}