{
    "macro_config": {
        "Epochs": 5,
        "BatchSize": 64,
        "LR": 0.001
    },
    "best_roc_auc": 0.990743,
    "optimized_xgboost_params": {
        "n_estimators": 74,
        "learning_rate": 0.24763781190022366,
        "max_depth": 5,
        "reg_alpha": 4.690506326925984,
        "reg_lambda": 0.5759113096558888
    }
}