{
    "metrics": {
        "roc_auc": 0.9862483432062139,
        "accuracy": 0.9463500439753738,
        "precision": 0.9463793535454773,
        "sensitivity": 0.9466165413533835,
        "specificity": 0.9460821365583271
    },
    "hyperparameters": {
        "objective": "binary:logistic",
        "eval_metric": "auc",
        "n_estimators": 385,
        "learning_rate": 0.22377891769447916,
        "max_depth": 9,
        "reg_alpha": 8.564034535883737,
        "reg_lambda": 28.98119004457795,
        "tree_method": "hist",
        "random_state": 42,
        "verbosity": 0,
        "n_jobs": -1
    },
    "confusion_matrix": {
        "True_Positives": 3777,
        "False_Positives": 214,
        "True_Negatives": 3755,
        "False_Negatives": 213
    },
    "feature_importances_gain": {
        "": 0.0048768175765872,
        "runtimeMinutes": 0.017734535038471222,
        "numVotes": 0.005797503516077995,
        "startYear": 0.02319001965224743,
        "endYear": 0.0,
        "tmdb_popularity": 0.02134605310857296,
        "tmdb_vote_average": 0.768301784992218,
        "tmdb_budget": 0.008411737158894539,
        "tmdb_revenue": 0.01252790354192257,
        "tmdb_primary_genre": 0.03981868922710419,
        "tmdb_original_language": 0.018067583441734314,
        "tmdb_origin_country": 0.020943325012922287,
        "tmdb_production_company": 0.0036907338071614504,
        "budget_revenue_ratio": 0.013259722851216793,
        "votes_x_popularity": 0.004641659092158079,
        "director_avg_centrality": 0.0032300432212650776,
        "director_count": 0.00454217754304409,
        "writer_avg_centrality": 0.013367950916290283,
        "writer_count": 0.003867578227072954,
        "writer_writer_max_collab_weight": 0.0033186180517077446,
        "writer_director_max_collab_weight": 0.009065485559403896
    }
}