{
    "metrics": {
        "roc_auc": 0.9648346483129091,
        "accuracy": 0.9394092827004219,
        "precision": 0.9456652017578905,
        "sensitivity": 0.9138996138996139,
        "specificity": 0.9592203898050975
    },
    "hyperparameters": {
        "objective": "binary:logistic",
        "eval_metric": "auc",
        "n_estimators": 465,
        "learning_rate": 0.013369725554362527,
        "max_depth": 7,
        "reg_alpha": 1.796657227715166,
        "reg_lambda": 2.775535890322561,
        "tree_method": "hist",
        "random_state": 42,
        "verbosity": 0,
        "n_jobs": -1
    },
    "confusion_matrix": {
        "True_Positives": 2367,
        "False_Positives": 136,
        "True_Negatives": 3199,
        "False_Negatives": 223
    },
    "feature_importances_gain": {
        "runtimeMinutes": 0.005112731363624334,
        "numVotes": 0.002709719119593501,
        "startYear": 0.007788840681314468,
        "endYear": 0.0,
        "director_avg_centrality": 0.0031799934804439545,
        "director_count": 0.00011552688374649733,
        "writer_avg_centrality": 0.009787648916244507,
        "writer_count": 0.0009204208035953343,
        "writer_writer_max_collab_weight": 0.0,
        "writer_director_max_collab_weight": 0.001557761337608099,
        "tmdb_popularity": 0.014714515767991543,
        "tmdb_vote_average": 0.9144206643104553,
        "tmdb_budget": 0.003137258579954505,
        "tmdb_revenue": 0.0009067376377061009,
        "tmdb_primary_genre": 0.015334350988268852,
        "tmdb_production_company": 0.00010723280138336122,
        "tmdb_success": 0.0,
        "tmdb_primary_genre_svd_0": 0.0014862166717648506,
        "tmdb_primary_genre_svd_1": 0.0019265769515186548,
        "tmdb_primary_genre_svd_2": 0.004310809541493654,
        "tmdb_primary_genre_svd_3": 0.0008760453783906996,
        "tmdb_primary_genre_svd_4": 0.011607003398239613
    }
}