{
    "metrics": {
        "roc_auc": 0.9913586561515909,
        "accuracy": 0.961301671064204,
        "precision": 0.9565972222222222,
        "sensitivity": 0.9666666666666667,
        "specificity": 0.9559082892416225
    },
    "hyperparameters": {
        "objective": "binary:logistic",
        "eval_metric": "auc",
        "n_estimators": 478,
        "learning_rate": 0.09886579006640528,
        "max_depth": 7,
        "reg_alpha": 1.4963484444557462,
        "reg_lambda": 35.733809254807255,
        "tree_method": "hist",
        "random_state": 42,
        "verbosity": 0,
        "n_jobs": -1
    },
    "confusion_matrix": {
        "True_Positives": 3857,
        "False_Positives": 175,
        "True_Negatives": 3794,
        "False_Negatives": 133
    },
    "feature_importances_gain": {
        "": 0.004904443398118019,
        "runtimeMinutes": 0.012418649159371853,
        "numVotes": 0.007013044785708189,
        "startYear": 0.03242005407810211,
        "endYear": 0.0,
        "tmdb_popularity": 0.026927733793854713,
        "tmdb_vote_average": 0.6558509469032288,
        "tmdb_budget": 0.0164077989757061,
        "tmdb_revenue": 0.025043537840247154,
        "tmdb_primary_genre": 0.05703110620379448,
        "tmdb_original_language": 0.048640813678503036,
        "tmdb_origin_country": 0.05259917676448822,
        "tmdb_production_company": 0.0070388056337833405,
        "budget_revenue_ratio": 0.0066924188286066055,
        "votes_x_popularity": 0.007161296904087067,
        "director_avg_centrality": 0.007403494790196419,
        "director_count": 0.006847779732197523,
        "writer_avg_centrality": 0.008914251811802387,
        "writer_count": 0.005115582142025232,
        "writer_writer_max_collab_weight": 0.0051065003499388695,
        "writer_director_max_collab_weight": 0.006462573539465666
    }
}