{
    "metrics": {
        "roc_auc": 0.9864798049545632,
        "accuracy": 0.9478577710767684,
        "precision": 0.9483320792575871,
        "sensitivity": 0.9476190476190476,
        "specificity": 0.9480977576215671
    },
    "hyperparameters": {
        "objective": "binary:logistic",
        "eval_metric": "auc",
        "n_estimators": 451,
        "learning_rate": 0.07899162360648035,
        "max_depth": 6,
        "reg_alpha": 4.008211621486744,
        "reg_lambda": 35.7296185335671,
        "tree_method": "hist",
        "random_state": 42,
        "verbosity": 0,
        "n_jobs": -1
    },
    "confusion_matrix": {
        "True_Positives": 3781,
        "False_Positives": 206,
        "True_Negatives": 3763,
        "False_Negatives": 209
    },
    "feature_importances_gain": {
        "": 0.004424676299095154,
        "runtimeMinutes": 0.01961347460746765,
        "numVotes": 0.007726146839559078,
        "startYear": 0.029114719480276108,
        "endYear": 0.0,
        "tmdb_popularity": 0.031678978353738785,
        "tmdb_vote_average": 0.6772236824035645,
        "tmdb_budget": 0.013291017152369022,
        "tmdb_revenue": 0.016284774988889694,
        "tmdb_primary_genre": 0.05443793162703514,
        "tmdb_original_language": 0.03855883702635765,
        "tmdb_origin_country": 0.02969123236835003,
        "tmdb_production_company": 0.00538421468809247,
        "budget_revenue_ratio": 0.01550679188221693,
        "votes_x_popularity": 0.005233151372522116,
        "director_avg_centrality": 0.007084139157086611,
        "director_count": 0.009317230433225632,
        "writer_avg_centrality": 0.01672125980257988,
        "writer_count": 0.003959609195590019,
        "writer_writer_max_collab_weight": 0.005361474584788084,
        "writer_director_max_collab_weight": 0.009386659599840641
    }
}