{
    "metrics": {
        "roc_auc": 0.9907705140907193,
        "accuracy": 0.9605478075135068,
        "precision": 0.9590409590409591,
        "sensitivity": 0.9624060150375939,
        "specificity": 0.9586797682035777
    },
    "hyperparameters": {
        "objective": "binary:logistic",
        "eval_metric": "auc",
        "n_estimators": 171,
        "learning_rate": 0.09612614614024233,
        "max_depth": 4,
        "reg_alpha": 6.082463465949621,
        "reg_lambda": 22.862463073052286,
        "tree_method": "hist",
        "random_state": 42,
        "verbosity": 0,
        "n_jobs": -1
    },
    "confusion_matrix": {
        "True_Positives": 3840,
        "False_Positives": 164,
        "True_Negatives": 3805,
        "False_Negatives": 150
    },
    "feature_importances_gain": {
        "": 0.0,
        "runtimeMinutes": 0.01306032296270132,
        "numVotes": 0.007900359109044075,
        "startYear": 0.026802489534020424,
        "endYear": 0.0,
        "tmdb_popularity": 0.038438767194747925,
        "tmdb_vote_average": 0.6981081962585449,
        "tmdb_budget": 0.020692937076091766,
        "tmdb_revenue": 0.02199479751288891,
        "tmdb_primary_genre": 0.04788917303085327,
        "tmdb_original_language": 0.010577592998743057,
        "tmdb_origin_country": 0.06078599393367767,
        "tmdb_production_company": 0.005866259336471558,
        "budget_revenue_ratio": 0.004091931041330099,
        "votes_x_popularity": 0.004803469404578209,
        "director_avg_centrality": 0.0038891371805220842,
        "director_count": 0.010720760561525822,
        "writer_avg_centrality": 0.009835190139710903,
        "writer_count": 0.004013253841549158,
        "writer_writer_max_collab_weight": 0.0020549658220261335,
        "writer_director_max_collab_weight": 0.008474312722682953
    }
}