{
    "metrics": {
        "roc_auc": 0.9866960342222711,
        "accuracy": 0.9512236286919831,
        "precision": 0.9419900115251633,
        "sensitivity": 0.9467181467181467,
        "specificity": 0.9547226386806597
    },
    "hyperparameters": {
        "objective": "binary:logistic",
        "eval_metric": "auc",
        "n_estimators": 271,
        "learning_rate": 0.03150261699131737,
        "max_depth": 3,
        "reg_alpha": 1.1091032984645777,
        "reg_lambda": 0.07691953569557541,
        "tree_method": "hist",
        "random_state": 42,
        "verbosity": 0,
        "n_jobs": -1
    },
    "confusion_matrix": {
        "True_Positives": 2452,
        "False_Positives": 151,
        "True_Negatives": 3184,
        "False_Negatives": 138
    },
    "feature_importances_gain": {
        "runtimeMinutes": 0.02793017402291298,
        "numVotes": 0.015276280231773853,
        "startYear": 0.04625285789370537,
        "endYear": 0.0,
        "director_avg_centrality": 0.01414258312433958,
        "director_count": 0.008143965154886246,
        "writer_avg_centrality": 0.023668117821216583,
        "writer_count": 0.007560540456324816,
        "writer_writer_max_collab_weight": 0.010883301496505737,
        "writer_director_max_collab_weight": 0.0,
        "tmdb_popularity": 0.04102702438831329,
        "tmdb_vote_average": 0.6254364848136902,
        "tmdb_budget": 0.027958029881119728,
        "tmdb_revenue": 0.01861693151295185,
        "tmdb_primary_genre": 0.0514269582927227,
        "tmdb_production_company": 0.014854437671601772,
        "tmdb_success": 0.0,
        "tmdb_primary_genre_svd_0": 0.006938747130334377,
        "tmdb_primary_genre_svd_1": 0.03529220446944237,
        "tmdb_primary_genre_svd_2": 0.008953218348324299,
        "tmdb_primary_genre_svd_3": 0.00592838553711772,
        "tmdb_primary_genre_svd_4": 0.009709754958748817
    }
}