{
    "metrics": {
        "roc_auc": 0.9572480153607912,
        "accuracy": 0.8019460138104206,
        "precision": 0.9391304347826087,
        "sensitivity": 0.6004169562195969,
        "specificity": 0.9679450486548369
    },
    "hyperparameters": {
        "objective": "binary:logistic",
        "eval_metric": "auc",
        "n_estimators": 63,
        "learning_rate": 0.015272625675988898,
        "max_depth": 3,
        "reg_alpha": 5.764708079587365,
        "reg_lambda": 0.7200136129764667,
        "tree_method": "hist",
        "random_state": 42,
        "verbosity": 0,
        "n_jobs": -1
    },
    "confusion_matrix": {
        "True_Positives": 1728,
        "False_Positives": 112,
        "True_Negatives": 3382,
        "False_Negatives": 1150
    },
    "feature_importances_gain": {
        "runtimeMinutes": 2.4134942577802576e-05,
        "numVotes": 0.0,
        "startYear": 0.0,
        "endYear": 0.0,
        "director_avg_centrality": 0.0,
        "director_count": 0.0,
        "writer_avg_centrality": 0.02198367565870285,
        "writer_count": 0.0,
        "writer_writer_max_collab_weight": 0.0,
        "writer_director_max_collab_weight": 0.0,
        "tmdb_popularity": 0.03641502931714058,
        "tmdb_vote_average": 0.9108430743217468,
        "tmdb_budget": 0.0,
        "tmdb_revenue": 0.0,
        "tmdb_primary_genre": 0.010819213464856148,
        "tmdb_production_company": 0.0,
        "tmdb_success": 0.0,
        "tmdb_primary_genre_svd_0": 0.0,
        "tmdb_primary_genre_svd_1": 0.007735373452305794,
        "tmdb_primary_genre_svd_2": 0.012179585173726082,
        "tmdb_primary_genre_svd_3": 0.0,
        "tmdb_primary_genre_svd_4": 0.0
    }
}