{
    "metrics": {
        "roc_auc": 0.9892129227073732,
        "accuracy": 0.9567784897600201,
        "precision": 0.9546134663341646,
        "sensitivity": 0.9593984962406015,
        "specificity": 0.9541446208112875
    },
    "hyperparameters": {
        "objective": "binary:logistic",
        "eval_metric": "auc",
        "n_estimators": 272,
        "learning_rate": 0.01950496469250738,
        "max_depth": 6,
        "reg_alpha": 4.60278257804438,
        "reg_lambda": 4.643858308663554,
        "tree_method": "hist",
        "random_state": 42,
        "verbosity": 0,
        "n_jobs": -1
    },
    "confusion_matrix": {
        "True_Positives": 3828,
        "False_Positives": 182,
        "True_Negatives": 3787,
        "False_Negatives": 162
    },
    "feature_importances_gain": {
        "": 0.006341362372040749,
        "runtimeMinutes": 0.013420337811112404,
        "numVotes": 0.004488006234169006,
        "startYear": 0.02472076565027237,
        "endYear": 0.0,
        "tmdb_popularity": 0.03134918212890625,
        "tmdb_vote_average": 0.7848315834999084,
        "tmdb_budget": 0.018386762589216232,
        "tmdb_revenue": 0.02260538563132286,
        "tmdb_primary_genre": 0.0367058701813221,
        "tmdb_production_company": 0.012513644993305206,
        "tmdb_success": 0.0,
        "tmdb_primary_genre_encoded": 0.013075162656605244,
        "director_avg_centrality": 0.004682469647377729,
        "director_count": 0.0018087542848661542,
        "writer_avg_centrality": 0.008970482274889946,
        "writer_count": 0.003141213208436966,
        "writer_writer_max_collab_weight": 0.005680561531335115,
        "writer_director_max_collab_weight": 0.007278531789779663
    }
}