{
    "metrics": {
        "roc_auc": 0.989364978331442,
        "accuracy": 0.9576579972358337,
        "precision": 0.9569677257943457,
        "sensitivity": 0.9586466165413534,
        "specificity": 0.9566641471403377
    },
    "hyperparameters": {
        "objective": "binary:logistic",
        "eval_metric": "auc",
        "n_estimators": 457,
        "learning_rate": 0.03212571420825833,
        "max_depth": 9,
        "reg_alpha": 6.045783351983761,
        "reg_lambda": 8.438845135060092,
        "tree_method": "hist",
        "random_state": 42,
        "verbosity": 0,
        "n_jobs": -1
    },
    "confusion_matrix": {
        "True_Positives": 3825,
        "False_Positives": 172,
        "True_Negatives": 3797,
        "False_Negatives": 165
    },
    "feature_importances_gain": {
        "": 0.006444636732339859,
        "runtimeMinutes": 0.014180578291416168,
        "numVotes": 0.0036054300144314766,
        "startYear": 0.022799581289291382,
        "endYear": 0.0,
        "tmdb_popularity": 0.028984636068344116,
        "tmdb_vote_average": 0.8043048977851868,
        "tmdb_budget": 0.016453193500638008,
        "tmdb_revenue": 0.018941806629300117,
        "tmdb_primary_genre": 0.03854558244347572,
        "tmdb_production_company": 0.009766316041350365,
        "tmdb_success": 0.0,
        "tmdb_primary_genre_encoded": 0.008775891736149788,
        "director_avg_centrality": 0.00298840063624084,
        "director_count": 0.0018205532105639577,
        "writer_avg_centrality": 0.010762721300125122,
        "writer_count": 0.003581495489925146,
        "writer_writer_max_collab_weight": 0.002728781895712018,
        "writer_director_max_collab_weight": 0.00531548447906971
    }
}