{
    "metrics": {
        "roc_auc": 0.9745571653495114,
        "accuracy": 0.9471372549019608,
        "precision": 0.9400762036716315,
        "sensitivity": 0.9430159833217512,
        "specificity": 0.9505290248784672
    },
    "hyperparameters": {
        "objective": "binary:logistic",
        "eval_metric": "auc",
        "n_estimators": 483,
        "learning_rate": 0.015225740616021043,
        "max_depth": 4,
        "reg_alpha": 1.7557545909460337,
        "reg_lambda": 4.044622539229687,
        "tree_method": "hist",
        "random_state": 42,
        "verbosity": 0,
        "n_jobs": -1
    },
    "confusion_matrix": {
        "True_Positives": 2714,
        "False_Positives": 173,
        "True_Negatives": 3324,
        "False_Negatives": 164
    }
}