{
    "metrics": {
        "roc_auc": 0.9880345927422389,
        "accuracy": 0.9527426160337553,
        "precision": 0.9452582883577486,
        "sensitivity": 0.9467181467181467,
        "specificity": 0.9574212893553223
    },
    "hyperparameters": {
        "objective": "binary:logistic",
        "eval_metric": "auc",
        "n_estimators": 494,
        "learning_rate": 0.09112700768517366,
        "max_depth": 6,
        "reg_alpha": 4.636383483369244,
        "reg_lambda": 8.507673444545071,
        "tree_method": "hist",
        "random_state": 42,
        "verbosity": 0,
        "n_jobs": -1
    },
    "confusion_matrix": {
        "True_Positives": 2452,
        "False_Positives": 142,
        "True_Negatives": 3193,
        "False_Negatives": 138
    },
    "feature_importances_gain": {
        "runtimeMinutes": 0.014578539878129959,
        "numVotes": 0.011295994743704796,
        "startYear": 0.03066060319542885,
        "endYear": 0.0,
        "director_avg_centrality": 0.0047235083766281605,
        "director_count": 0.004008082207292318,
        "writer_avg_centrality": 0.02302720583975315,
        "writer_count": 0.006394437048584223,
        "writer_writer_max_collab_weight": 0.008163186721503735,
        "writer_director_max_collab_weight": 0.004763605073094368,
        "tmdb_popularity": 0.029173603281378746,
        "tmdb_vote_average": 0.7163005471229553,
        "tmdb_budget": 0.013698270544409752,
        "tmdb_revenue": 0.016050666570663452,
        "tmdb_primary_genre": 0.05444822832942009,
        "tmdb_production_company": 0.009847963228821754,
        "tmdb_success": 0.0,
        "tmdb_primary_genre_svd_0": 0.005728766322135925,
        "tmdb_primary_genre_svd_1": 0.0071619367226958275,
        "tmdb_primary_genre_svd_2": 0.011461862362921238,
        "tmdb_primary_genre_svd_3": 0.009419484995305538,
        "tmdb_primary_genre_svd_4": 0.019093530252575874
    }
}