{
    "metrics": {
        "roc_auc": 0.9690591041700987,
        "accuracy": 0.9419607843137255,
        "precision": 0.9384615384615385,
        "sensitivity": 0.9325920778318276,
        "specificity": 0.949671146697169
    },
    "hyperparameters": {
        "objective": "binary:logistic",
        "eval_metric": "auc",
        "n_estimators": 451,
        "learning_rate": 0.01043964116121659,
        "max_depth": 6,
        "reg_alpha": 0.8258203654812968,
        "reg_lambda": 1.1331433290941717,
        "tree_method": "hist",
        "random_state": 42,
        "verbosity": 0,
        "n_jobs": -1
    },
    "confusion_matrix": {
        "True_Positives": 2684,
        "False_Positives": 176,
        "True_Negatives": 3321,
        "False_Negatives": 194
    }
}