{
    "metrics": {
        "roc_auc": 0.9829866083963958,
        "accuracy": 0.9450980392156862,
        "precision": 0.9413407821229051,
        "sensitivity": 0.936761640027797,
        "specificity": 0.9519588218472976
    },
    "hyperparameters": {
        "objective": "binary:logistic",
        "eval_metric": "auc",
        "n_estimators": 199,
        "learning_rate": 0.03297642377750353,
        "max_depth": 10,
        "reg_alpha": 7.660020731878733,
        "reg_lambda": 4.690111024395399,
        "tree_method": "hist",
        "random_state": 42,
        "verbosity": 0,
        "n_jobs": -1
    },
    "confusion_matrix": {
        "True_Positives": 2696,
        "False_Positives": 168,
        "True_Negatives": 3329,
        "False_Negatives": 182
    }
}