{
    "metrics": {
        "roc_auc": 0.9877458348578502,
        "accuracy": 0.9492154546988358,
        "precision": 0.94,
        "sensitivity": 0.943993820007725,
        "specificity": 0.9532654284002396
    },
    "hyperparameters": {
        "objective": "binary:logistic",
        "eval_metric": "auc",
        "n_estimators": 267,
        "learning_rate": 0.2534214505612344,
        "max_depth": 3,
        "reg_alpha": 5.347562041474454,
        "reg_lambda": 9.034459603785773,
        "tree_method": "hist",
        "random_state": 42,
        "verbosity": 0,
        "n_jobs": -1
    },
    "confusion_matrix": {
        "True_Positives": 2444,
        "False_Positives": 156,
        "True_Negatives": 3182,
        "False_Negatives": 145
    }
}