{
    "metrics": {
        "roc_auc": 0.9818756073858114,
        "accuracy": 0.9371780374418897,
        "precision": 0.9404341241797072,
        "sensitivity": 0.9338345864661655,
        "specificity": 0.9405391786344167
    },
    "hyperparameters": {
        "objective": "binary:logistic",
        "eval_metric": "auc",
        "n_estimators": 153,
        "learning_rate": 0.1026639310353987,
        "max_depth": 8,
        "reg_alpha": 37.564938760604896,
        "reg_lambda": 24.625411863520075,
        "tree_method": "hist",
        "random_state": 42,
        "verbosity": 0,
        "n_jobs": -1
    },
    "confusion_matrix": {
        "True_Positives": 3726,
        "False_Positives": 236,
        "True_Negatives": 3733,
        "False_Negatives": 264
    },
    "feature_importances_gain": {
        "": 0.0005933369393460453,
        "runtimeMinutes": 0.023152554407715797,
        "numVotes": 0.0040290202014148235,
        "startYear": 0.029505539685487747,
        "endYear": 0.0,
        "tmdb_popularity": 0.01723671145737171,
        "tmdb_vote_average": 0.8097635507583618,
        "tmdb_budget": 0.004970282781869173,
        "tmdb_revenue": 0.01758992113173008,
        "tmdb_primary_genre": 0.012592185288667679,
        "tmdb_original_language": 0.022011354565620422,
        "tmdb_origin_country": 0.022045306861400604,
        "tmdb_production_company": 0.0025241889525204897,
        "budget_revenue_ratio": 0.01228793803602457,
        "votes_x_popularity": 0.0018527127103880048,
        "director_avg_centrality": 0.0016027279198169708,
        "director_count": 0.0011961382115259767,
        "writer_avg_centrality": 0.016181733459234238,
        "writer_count": 0.0003319611132610589,
        "writer_writer_max_collab_weight": 0.0,
        "writer_director_max_collab_weight": 0.0005328061524778605
    }
}