{
    "metrics": {
        "roc_auc": 0.9871057113320609,
        "accuracy": 0.9492154546988358,
        "precision": 0.9444444444444444,
        "sensitivity": 0.9389725762842797,
        "specificity": 0.9571599760335531
    },
    "hyperparameters": {
        "objective": "binary:logistic",
        "eval_metric": "auc",
        "n_estimators": 134,
        "learning_rate": 0.09980891967304874,
        "max_depth": 8,
        "reg_alpha": 9.505472995442458,
        "reg_lambda": 4.606411191242158,
        "tree_method": "hist",
        "random_state": 42,
        "verbosity": 0,
        "n_jobs": -1
    },
    "confusion_matrix": {
        "True_Positives": 2431,
        "False_Positives": 143,
        "True_Negatives": 3195,
        "False_Negatives": 158
    }
}