{
    "metrics": {
        "roc_auc": 0.985371150223758,
        "accuracy": 0.9454705364995603,
        "precision": 0.9469582704876822,
        "sensitivity": 0.944110275689223,
        "specificity": 0.9468379944570421
    },
    "hyperparameters": {
        "objective": "binary:logistic",
        "eval_metric": "auc",
        "n_estimators": 322,
        "learning_rate": 0.04783416323021642,
        "max_depth": 7,
        "reg_alpha": 12.480490537744249,
        "reg_lambda": 22.035858295983495,
        "tree_method": "hist",
        "random_state": 42,
        "verbosity": 0,
        "n_jobs": -1
    },
    "confusion_matrix": {
        "True_Positives": 3767,
        "False_Positives": 211,
        "True_Negatives": 3758,
        "False_Negatives": 223
    },
    "feature_importances_gain": {
        "": 0.0030204374343156815,
        "runtimeMinutes": 0.01996229775249958,
        "numVotes": 0.006384835112839937,
        "startYear": 0.026297463104128838,
        "endYear": 0.0,
        "tmdb_popularity": 0.023037847131490707,
        "tmdb_vote_average": 0.757611095905304,
        "tmdb_budget": 0.008824930526316166,
        "tmdb_revenue": 0.014503191225230694,
        "tmdb_primary_genre": 0.04148589074611664,
        "tmdb_original_language": 0.01568041555583477,
        "tmdb_origin_country": 0.024945557117462158,
        "tmdb_production_company": 0.0029289827216416597,
        "budget_revenue_ratio": 0.014661055989563465,
        "votes_x_popularity": 0.00494717713445425,
        "director_avg_centrality": 0.002808037679642439,
        "director_count": 0.0057340930216014385,
        "writer_avg_centrality": 0.014722348190844059,
        "writer_count": 0.002480971859768033,
        "writer_writer_max_collab_weight": 0.005376570858061314,
        "writer_director_max_collab_weight": 0.004586753435432911
    }
}