{
    "metrics": {
        "roc_auc": 0.9818380986479804,
        "accuracy": 0.9374293252921221,
        "precision": 0.9406865219586068,
        "sensitivity": 0.9340852130325814,
        "specificity": 0.9407911312673217
    },
    "hyperparameters": {
        "objective": "binary:logistic",
        "eval_metric": "auc",
        "n_estimators": 286,
        "learning_rate": 0.09401065295209436,
        "max_depth": 7,
        "reg_alpha": 38.43825977565161,
        "reg_lambda": 6.792330712089436,
        "tree_method": "hist",
        "random_state": 42,
        "verbosity": 0,
        "n_jobs": -1
    },
    "confusion_matrix": {
        "True_Positives": 3727,
        "False_Positives": 235,
        "True_Negatives": 3734,
        "False_Negatives": 263
    },
    "feature_importances_gain": {
        "": 0.0007644155411981046,
        "runtimeMinutes": 0.0244000181555748,
        "numVotes": 0.00535425404086709,
        "startYear": 0.027811111882328987,
        "endYear": 0.0,
        "tmdb_popularity": 0.021551823243498802,
        "tmdb_vote_average": 0.7960816025733948,
        "tmdb_budget": 0.004652956034988165,
        "tmdb_revenue": 0.019879991188645363,
        "tmdb_primary_genre": 0.014578906819224358,
        "tmdb_original_language": 0.02372710034251213,
        "tmdb_origin_country": 0.022676639258861542,
        "tmdb_production_company": 0.0025522620417177677,
        "budget_revenue_ratio": 0.011768181808292866,
        "votes_x_popularity": 0.0022406019270420074,
        "director_avg_centrality": 0.001465410809032619,
        "director_count": 0.0006799691473133862,
        "writer_avg_centrality": 0.018255291506648064,
        "writer_count": 0.0001324928307440132,
        "writer_writer_max_collab_weight": 0.0,
        "writer_director_max_collab_weight": 0.0014269029488787055
    }
}