{
    "metrics": {
        "roc_auc": 0.9888398477604615,
        "accuracy": 0.9510357815442562,
        "precision": 0.9445599445599445,
        "sensitivity": 0.9471855455177206,
        "specificity": 0.9542072123640527
    },
    "hyperparameters": {
        "objective": "binary:logistic",
        "eval_metric": "auc",
        "n_estimators": 454,
        "learning_rate": 0.19837677403353884,
        "max_depth": 4,
        "reg_alpha": 7.806776130127455,
        "reg_lambda": 3.2870849781110834,
        "tree_method": "hist",
        "random_state": 42,
        "verbosity": 0,
        "n_jobs": -1
    },
    "confusion_matrix": {
        "True_Positives": 2726,
        "False_Positives": 160,
        "True_Negatives": 3334,
        "False_Negatives": 152
    },
    "feature_importances_gain": {
        "runtimeMinutes": 0.019350042566657066,
        "numVotes": 0.01046720054000616,
        "startYear": 0.03096923604607582,
        "endYear": 0.0,
        "director_avg_centrality": 0.003896130481734872,
        "director_count": 0.009714353829622269,
        "writer_avg_centrality": 0.024867888540029526,
        "writer_count": 0.005333698354661465,
        "writer_writer_max_collab_weight": 0.007266871631145477,
        "writer_director_max_collab_weight": 0.002221809234470129,
        "tmdb_popularity": 0.03874819353222847,
        "tmdb_vote_average": 0.6279237866401672,
        "tmdb_budget": 0.011626708321273327,
        "tmdb_revenue": 0.037676598876714706,
        "tmdb_primary_genre": 0.06676331907510757,
        "tmdb_production_company": 0.024274861440062523,
        "tmdb_success": 0.0,
        "tmdb_primary_genre_svd_0": 0.010523844510316849,
        "tmdb_primary_genre_svd_1": 0.014067105948925018,
        "tmdb_primary_genre_svd_2": 0.02348587103188038,
        "tmdb_primary_genre_svd_3": 0.004820428788661957,
        "tmdb_primary_genre_svd_4": 0.026002071797847748
    }
}