{
    "metrics": {
        "roc_auc": 0.990218807285283,
        "accuracy": 0.9615529589144365,
        "precision": 0.9575260804769001,
        "sensitivity": 0.9661654135338346,
        "specificity": 0.9569160997732427
    },
    "hyperparameters": {
        "objective": "binary:logistic",
        "eval_metric": "auc",
        "n_estimators": 497,
        "learning_rate": 0.1097825358685734,
        "max_depth": 5,
        "reg_alpha": 0.5862754529251069,
        "reg_lambda": 6.578009300564839,
        "tree_method": "hist",
        "random_state": 42,
        "verbosity": 0,
        "n_jobs": -1
    },
    "confusion_matrix": {
        "True_Positives": 3855,
        "False_Positives": 171,
        "True_Negatives": 3798,
        "False_Negatives": 135
    },
    "feature_importances_gain": {
        "": 0.0,
        "runtimeMinutes": 0.016490573063492775,
        "numVotes": 0.010173015296459198,
        "startYear": 0.04852777719497681,
        "endYear": 0.0,
        "tmdb_popularity": 0.03301360085606575,
        "tmdb_vote_average": 0.6447762846946716,
        "tmdb_budget": 0.021738989278674126,
        "tmdb_revenue": 0.026911186054348946,
        "tmdb_primary_genre": 0.04396841675043106,
        "tmdb_original_language": 0.05682883411645889,
        "tmdb_origin_country": 0.033638451248407364,
        "tmdb_production_company": 0.013059152290225029,
        "director_avg_centrality": 0.013315344229340553,
        "director_count": 0.0037638437934219837,
        "writer_avg_centrality": 0.01664084568619728,
        "writer_count": 0.004069438669830561,
        "writer_writer_max_collab_weight": 0.0030348210129886866,
        "writer_director_max_collab_weight": 0.010049428790807724
    }
}