{
    "metrics": {
        "roc_auc": 0.9913540780649027,
        "accuracy": 0.9594170121874608,
        "precision": 0.9559810992290475,
        "sensitivity": 0.9634085213032582,
        "specificity": 0.9554043839758125
    },
    "hyperparameters": {
        "objective": "binary:logistic",
        "eval_metric": "auc",
        "n_estimators": 144,
        "learning_rate": 0.20280213188071253,
        "max_depth": 5,
        "reg_alpha": 3.864513557889251,
        "reg_lambda": 5.118219012581215,
        "tree_method": "hist",
        "random_state": 42,
        "verbosity": 0,
        "n_jobs": -1
    },
    "confusion_matrix": {
        "True_Positives": 3844,
        "False_Positives": 177,
        "True_Negatives": 3792,
        "False_Negatives": 146
    },
    "feature_importances_gain": {
        "": 0.010991660878062248,
        "runtimeMinutes": 0.012464952655136585,
        "numVotes": 0.008361222222447395,
        "startYear": 0.028614751994609833,
        "endYear": 0.0,
        "tmdb_popularity": 0.03423720970749855,
        "tmdb_vote_average": 0.6920877695083618,
        "tmdb_budget": 0.026055989786982536,
        "tmdb_revenue": 0.02338215708732605,
        "tmdb_primary_genre": 0.05109598860144615,
        "tmdb_original_language": 0.02760886400938034,
        "tmdb_origin_country": 0.02931126579642296,
        "tmdb_production_company": 0.007953575812280178,
        "director_avg_centrality": 0.0067582870833575726,
        "director_count": 0.0071897245943546295,
        "writer_avg_centrality": 0.01016976498067379,
        "writer_count": 0.008354077115654945,
        "writer_writer_max_collab_weight": 0.004708290100097656,
        "writer_director_max_collab_weight": 0.010654454119503498
    }
}