{
    "metrics": {
        "roc_auc": 0.9840599005516548,
        "accuracy": 0.949029535864979,
        "precision": 0.9403387220939184,
        "sensitivity": 0.9432432432432433,
        "specificity": 0.9535232383808095
    },
    "hyperparameters": {
        "objective": "binary:logistic",
        "eval_metric": "auc",
        "n_estimators": 207,
        "learning_rate": 0.1558433149285615,
        "max_depth": 8,
        "reg_alpha": 0.6902438171422098,
        "reg_lambda": 1.101834474754827,
        "tree_method": "hist",
        "random_state": 42,
        "verbosity": 0,
        "n_jobs": -1
    },
    "confusion_matrix": {
        "True_Positives": 2443,
        "False_Positives": 155,
        "True_Negatives": 3180,
        "False_Negatives": 147
    },
    "feature_importances_gain": {
        "runtimeMinutes": 0.020173264667391777,
        "numVotes": 0.015398573130369186,
        "startYear": 0.04339993745088577,
        "endYear": 0.0,
        "director_avg_centrality": 0.011869044043123722,
        "director_count": 0.013605781830847263,
        "writer_avg_centrality": 0.021246548742055893,
        "writer_count": 0.011746258474886417,
        "writer_writer_max_collab_weight": 0.014754013158380985,
        "writer_director_max_collab_weight": 0.012556379660964012,
        "tmdb_popularity": 0.03674132749438286,
        "tmdb_vote_average": 0.6148855090141296,
        "tmdb_budget": 0.020495204254984856,
        "tmdb_revenue": 0.020172007381916046,
        "tmdb_primary_genre": 0.05396367236971855,
        "tmdb_production_company": 0.015506105497479439,
        "tmdb_success": 0.0,
        "tmdb_primary_genre_svd_0": 0.010917281731963158,
        "tmdb_primary_genre_svd_1": 0.016816958785057068,
        "tmdb_primary_genre_svd_2": 0.010925768874585629,
        "tmdb_primary_genre_svd_3": 0.011192947626113892,
        "tmdb_primary_genre_svd_4": 0.02363324910402298
    }
}