{
    "metrics": {
        "roc_auc": 0.9673205292265148,
        "accuracy": 0.9403640929064658,
        "precision": 0.9429078014184397,
        "sensitivity": 0.923905489923558,
        "specificity": 0.953921007441328
    },
    "hyperparameters": {
        "objective": "binary:logistic",
        "eval_metric": "auc",
        "n_estimators": 208,
        "learning_rate": 0.021875362207385167,
        "max_depth": 4,
        "reg_alpha": 6.843248071099599,
        "reg_lambda": 8.46509299892478,
        "tree_method": "hist",
        "random_state": 42,
        "verbosity": 0,
        "n_jobs": -1
    },
    "confusion_matrix": {
        "True_Positives": 2659,
        "False_Positives": 161,
        "True_Negatives": 3333,
        "False_Negatives": 219
    },
    "feature_importances_gain": {
        "runtimeMinutes": 0.00422547897323966,
        "numVotes": 0.0,
        "startYear": 0.015664316713809967,
        "endYear": 0.0,
        "director_avg_centrality": 0.0,
        "director_count": 0.0,
        "writer_avg_centrality": 0.018219808116555214,
        "writer_count": 0.0,
        "writer_writer_max_collab_weight": 0.0,
        "writer_director_max_collab_weight": 0.0,
        "tmdb_popularity": 0.018831629306077957,
        "tmdb_vote_average": 0.9082645177841187,
        "tmdb_budget": 0.0,
        "tmdb_revenue": 0.0032352276612073183,
        "tmdb_primary_genre": 0.0,
        "tmdb_production_company": 0.0,
        "tmdb_success": 0.0,
        "tmdb_primary_genre_svd_0": 0.0010818098671734333,
        "tmdb_primary_genre_svd_1": 0.006260864902287722,
        "tmdb_primary_genre_svd_2": 0.015663370490074158,
        "tmdb_primary_genre_svd_3": 0.0,
        "tmdb_primary_genre_svd_4": 0.008553017862141132
    }
}