{
    "metrics": {
        "roc_auc": 0.9884020537993552,
        "accuracy": 0.9529113924050633,
        "precision": 0.9456228306980332,
        "sensitivity": 0.9467181467181467,
        "specificity": 0.9577211394302848
    },
    "hyperparameters": {
        "objective": "binary:logistic",
        "eval_metric": "auc",
        "n_estimators": 441,
        "learning_rate": 0.15934013447814482,
        "max_depth": 4,
        "reg_alpha": 5.988437309655298,
        "reg_lambda": 8.646761305879933,
        "tree_method": "hist",
        "random_state": 42,
        "verbosity": 0,
        "n_jobs": -1
    },
    "confusion_matrix": {
        "True_Positives": 2452,
        "False_Positives": 141,
        "True_Negatives": 3194,
        "False_Negatives": 138
    },
    "feature_importances_gain": {
        "runtimeMinutes": 0.017745239660143852,
        "numVotes": 0.010104459710419178,
        "startYear": 0.027641700580716133,
        "endYear": 0.0,
        "director_avg_centrality": 0.0007829488022252917,
        "director_count": 0.004565726034343243,
        "writer_avg_centrality": 0.016662433743476868,
        "writer_count": 0.006471346132457256,
        "writer_writer_max_collab_weight": 0.007131484337151051,
        "writer_director_max_collab_weight": 0.00328774843364954,
        "tmdb_popularity": 0.031051360070705414,
        "tmdb_vote_average": 0.7296247482299805,
        "tmdb_budget": 0.01565672643482685,
        "tmdb_revenue": 0.014619516208767891,
        "tmdb_primary_genre": 0.05316994711756706,
        "tmdb_production_company": 0.003797965357080102,
        "tmdb_success": 0.0,
        "tmdb_primary_genre_svd_0": 0.01078458596020937,
        "tmdb_primary_genre_svd_1": 0.013158268295228481,
        "tmdb_primary_genre_svd_2": 0.01277663093060255,
        "tmdb_primary_genre_svd_3": 0.0019149353029206395,
        "tmdb_primary_genre_svd_4": 0.019052235409617424
    }
}