{
    "metrics": {
        "roc_auc": 0.9881869901257591,
        "accuracy": 0.9505652100556774,
        "precision": 0.9425597532767926,
        "sensitivity": 0.944380069524913,
        "specificity": 0.9553624925104853
    },
    "hyperparameters": {
        "objective": "binary:logistic",
        "eval_metric": "auc",
        "n_estimators": 198,
        "learning_rate": 0.10870773016197956,
        "max_depth": 3,
        "reg_alpha": 6.271059054627187,
        "reg_lambda": 1.5700792684801945,
        "tree_method": "hist",
        "random_state": 42,
        "verbosity": 0,
        "n_jobs": -1
    },
    "confusion_matrix": {
        "True_Positives": 2445,
        "False_Positives": 149,
        "True_Negatives": 3189,
        "False_Negatives": 144
    },
    "feature_importances_gain": {
        "runtimeMinutes": 0.023986153304576874,
        "numVotes": 0.010268992744386196,
        "startYear": 0.034415408968925476,
        "endYear": 0.0,
        "director_avg_centrality": 0.006449361331760883,
        "director_max_centrality": 0.0047382451593875885,
        "director_count": 0.013011517003178596,
        "writer_avg_centrality": 0.012298774905502796,
        "writer_max_centrality": 0.0002461429394315928,
        "writer_count": 0.005338695365935564,
        "writer_writer_max_collab_weight": 0.004650845658034086,
        "writer_director_max_collab_weight": 0.0,
        "tmdb_popularity": 0.03049909695982933,
        "tmdb_vote_average": 0.6671788096427917,
        "tmdb_budget": 0.01679389178752899,
        "tmdb_revenue": 0.013512713834643364,
        "tmdb_runtime": 0.022770851850509644,
        "tmdb_primary_genre": 0.04811372980475426,
        "tmdb_production_company": 0.0073472014628350735,
        "tmdb_success": 0.0,
        "tmdb_primary_genre_svd_0": 0.0046818931587040424,
        "tmdb_primary_genre_svd_1": 0.04285150393843651,
        "tmdb_primary_genre_svd_2": 0.009923318400979042,
        "tmdb_primary_genre_svd_3": 0.003689635545015335,
        "tmdb_primary_genre_svd_4": 0.017233161255717278
    }
}