{
    "metrics": {
        "roc_auc": 0.990762683983832,
        "accuracy": 0.9587887925618797,
        "precision": 0.9559262948207171,
        "sensitivity": 0.962155388471178,
        "specificity": 0.9554043839758125
    },
    "hyperparameters": {
        "objective": "binary:logistic",
        "eval_metric": "auc",
        "n_estimators": 355,
        "learning_rate": 0.12446487219261045,
        "max_depth": 9,
        "reg_alpha": 6.987878969301058,
        "reg_lambda": 7.457669220004732,
        "tree_method": "hist",
        "random_state": 42,
        "verbosity": 0,
        "n_jobs": -1
    },
    "confusion_matrix": {
        "True_Positives": 3839,
        "False_Positives": 177,
        "True_Negatives": 3792,
        "False_Negatives": 151
    },
    "feature_importances_gain": {
        "": 0.005411128979176283,
        "runtimeMinutes": 0.010285771451890469,
        "numVotes": 0.004457791335880756,
        "startYear": 0.026764454320073128,
        "endYear": 0.0,
        "tmdb_popularity": 0.034709084779024124,
        "tmdb_vote_average": 0.7659313678741455,
        "tmdb_budget": 0.012929043732583523,
        "tmdb_revenue": 0.018199065700173378,
        "tmdb_primary_genre": 0.043921515345573425,
        "tmdb_original_language": 0.006206945516169071,
        "tmdb_origin_country": 0.029951870441436768,
        "tmdb_production_company": 0.007052512373775244,
        "director_avg_centrality": 0.005269275978207588,
        "director_count": 0.0038348662201315165,
        "writer_avg_centrality": 0.009292876347899437,
        "writer_count": 0.00502437399700284,
        "writer_writer_max_collab_weight": 0.00272548059001565,
        "writer_director_max_collab_weight": 0.00803255382925272
    }
}