{
    "metrics": {
        "roc_auc": 0.9821672852856459,
        "accuracy": 0.9510357815442562,
        "precision": 0.944868238557559,
        "sensitivity": 0.9468380820013899,
        "specificity": 0.9544934172867773
    },
    "hyperparameters": {
        "objective": "binary:logistic",
        "eval_metric": "auc",
        "n_estimators": 432,
        "learning_rate": 0.031477804989171486,
        "max_depth": 7,
        "reg_alpha": 0.8455612106517918,
        "reg_lambda": 5.669338118989157,
        "tree_method": "hist",
        "random_state": 42,
        "verbosity": 0,
        "n_jobs": -1
    },
    "confusion_matrix": {
        "True_Positives": 2725,
        "False_Positives": 159,
        "True_Negatives": 3335,
        "False_Negatives": 153
    },
    "feature_importances_gain": {
        "runtimeMinutes": 0.01671666093170643,
        "numVotes": 0.01364954188466072,
        "startYear": 0.035399820655584335,
        "endYear": 0.0,
        "director_avg_centrality": 0.007910988293588161,
        "director_count": 0.0082032335922122,
        "writer_avg_centrality": 0.0118018239736557,
        "writer_count": 0.010671272873878479,
        "writer_writer_max_collab_weight": 0.008343234658241272,
        "writer_director_max_collab_weight": 0.007513730321079493,
        "tmdb_popularity": 0.036643389612436295,
        "tmdb_vote_average": 0.6511157751083374,
        "tmdb_budget": 0.01281772181391716,
        "tmdb_revenue": 0.03801380470395088,
        "tmdb_primary_genre": 0.055582985281944275,
        "tmdb_production_company": 0.015047604218125343,
        "tmdb_success": 0.0,
        "tmdb_primary_genre_svd_0": 0.007305596023797989,
        "tmdb_primary_genre_svd_1": 0.02323858253657818,
        "tmdb_primary_genre_svd_2": 0.009350137785077095,
        "tmdb_primary_genre_svd_3": 0.014225920662283897,
        "tmdb_primary_genre_svd_4": 0.016448084264993668
    }
}