{
    "metrics": {
        "roc_auc": 0.9913402806588151,
        "accuracy": 0.961301671064204,
        "precision": 0.9581881533101045,
        "sensitivity": 0.9649122807017544,
        "specificity": 0.9576719576719577
    },
    "hyperparameters": {
        "objective": "binary:logistic",
        "eval_metric": "auc",
        "n_estimators": 359,
        "learning_rate": 0.18890148147229205,
        "max_depth": 9,
        "reg_alpha": 2.0983192131140616,
        "reg_lambda": 15.638492656585301,
        "tree_method": "hist",
        "random_state": 42,
        "verbosity": 0,
        "n_jobs": -1
    },
    "confusion_matrix": {
        "True_Positives": 3850,
        "False_Positives": 168,
        "True_Negatives": 3801,
        "False_Negatives": 140
    },
    "feature_importances_gain": {
        "": 0.004995956085622311,
        "runtimeMinutes": 0.013992699794471264,
        "numVotes": 0.007842324674129486,
        "startYear": 0.027927348390221596,
        "endYear": 0.0,
        "tmdb_popularity": 0.027932902798056602,
        "tmdb_vote_average": 0.6949784159660339,
        "tmdb_budget": 0.016037480905652046,
        "tmdb_revenue": 0.0239558145403862,
        "tmdb_primary_genre": 0.05345825105905533,
        "tmdb_original_language": 0.03207146003842354,
        "tmdb_origin_country": 0.03532739728689194,
        "tmdb_production_company": 0.008475285954773426,
        "budget_revenue_ratio": 0.005788353271782398,
        "votes_x_popularity": 0.00889439508318901,
        "director_avg_centrality": 0.005931115709245205,
        "director_count": 0.007321979384869337,
        "writer_avg_centrality": 0.007638861890882254,
        "writer_count": 0.004324678797274828,
        "writer_writer_max_collab_weight": 0.005666025914251804,
        "writer_director_max_collab_weight": 0.007439279463142157
    }
}