{
    "metrics": {
        "roc_auc": 0.9902076304391617,
        "accuracy": 0.9589144364869958,
        "precision": 0.9568470940384136,
        "sensitivity": 0.9614035087719298,
        "specificity": 0.9564121945074326
    },
    "hyperparameters": {
        "objective": "binary:logistic",
        "eval_metric": "auc",
        "n_estimators": 65,
        "learning_rate": 0.1728078300322126,
        "max_depth": 10,
        "reg_alpha": 9.295686239656323,
        "reg_lambda": 0.2887694163063159,
        "tree_method": "hist",
        "random_state": 42,
        "verbosity": 0,
        "n_jobs": -1
    },
    "confusion_matrix": {
        "True_Positives": 3836,
        "False_Positives": 173,
        "True_Negatives": 3796,
        "False_Negatives": 154
    },
    "feature_importances_gain": {
        "": 0.00812361016869545,
        "runtimeMinutes": 0.01440776139497757,
        "numVotes": 0.0069459304213523865,
        "startYear": 0.022127781063318253,
        "endYear": 0.0,
        "tmdb_popularity": 0.025432797148823738,
        "tmdb_vote_average": 0.7875687479972839,
        "tmdb_budget": 0.01583152636885643,
        "tmdb_revenue": 0.020952174440026283,
        "tmdb_primary_genre": 0.03150400519371033,
        "tmdb_original_language": 0.010763362981379032,
        "tmdb_origin_country": 0.02487480826675892,
        "tmdb_production_company": 0.002604827517643571,
        "director_avg_centrality": 0.003965534269809723,
        "director_count": 0.003519291989505291,
        "writer_avg_centrality": 0.009032492525875568,
        "writer_count": 0.0030586058273911476,
        "writer_writer_max_collab_weight": 0.00348009099252522,
        "writer_director_max_collab_weight": 0.005806571338325739
    }
}