{
    "metrics": {
        "roc_auc": 0.990065678178818,
        "accuracy": 0.9587887925618797,
        "precision": 0.9579789894947474,
        "sensitivity": 0.9598997493734336,
        "specificity": 0.9576719576719577
    },
    "hyperparameters": {
        "objective": "binary:logistic",
        "eval_metric": "auc",
        "n_estimators": 174,
        "learning_rate": 0.12740989644355497,
        "max_depth": 9,
        "reg_alpha": 5.8035582881745,
        "reg_lambda": 5.349672275068592,
        "tree_method": "hist",
        "random_state": 42,
        "verbosity": 0,
        "n_jobs": -1
    },
    "confusion_matrix": {
        "True_Positives": 3830,
        "False_Positives": 168,
        "True_Negatives": 3801,
        "False_Negatives": 160
    },
    "feature_importances_gain": {
        "": 0.008286123163998127,
        "runtimeMinutes": 0.015333679504692554,
        "numVotes": 0.006242771632969379,
        "startYear": 0.024445781484246254,
        "endYear": 0.0,
        "tmdb_popularity": 0.030889593064785004,
        "tmdb_vote_average": 0.7830025553703308,
        "tmdb_budget": 0.01739851012825966,
        "tmdb_revenue": 0.01679970696568489,
        "tmdb_primary_genre": 0.03813885152339935,
        "tmdb_production_company": 0.008201126009225845,
        "tmdb_success": 0.0,
        "tmdb_primary_genre_encoded": 0.015258624218404293,
        "director_avg_centrality": 0.004976405296474695,
        "director_count": 0.005287177860736847,
        "writer_avg_centrality": 0.009303753264248371,
        "writer_count": 0.005575739778578281,
        "writer_writer_max_collab_weight": 0.0034332696814090014,
        "writer_director_max_collab_weight": 0.007426323369145393
    }
}