{
    "metrics": {
        "roc_auc": 0.9867965245176639,
        "accuracy": 0.9507172995780591,
        "precision": 0.9405674846625767,
        "sensitivity": 0.9471042471042471,
        "specificity": 0.9535232383808095
    },
    "hyperparameters": {
        "objective": "binary:logistic",
        "eval_metric": "auc",
        "n_estimators": 479,
        "learning_rate": 0.24088044693548089,
        "max_depth": 6,
        "reg_alpha": 0.14972035677893292,
        "reg_lambda": 3.566405932330863,
        "tree_method": "hist",
        "random_state": 42,
        "verbosity": 0,
        "n_jobs": -1
    },
    "confusion_matrix": {
        "True_Positives": 2453,
        "False_Positives": 155,
        "True_Negatives": 3180,
        "False_Negatives": 137
    },
    "feature_importances_gain": {
        "runtimeMinutes": 0.022056661546230316,
        "numVotes": 0.01525206584483385,
        "startYear": 0.048183877021074295,
        "endYear": 0.0,
        "director_avg_centrality": 0.015620692633092403,
        "director_count": 0.015878284350037575,
        "writer_avg_centrality": 0.017205089330673218,
        "writer_count": 0.014609134756028652,
        "writer_writer_max_collab_weight": 0.01564730331301689,
        "writer_director_max_collab_weight": 0.016147738322615623,
        "tmdb_popularity": 0.032995861023664474,
        "tmdb_vote_average": 0.589256227016449,
        "tmdb_budget": 0.01969781704246998,
        "tmdb_revenue": 0.019965585321187973,
        "tmdb_primary_genre": 0.0633704662322998,
        "tmdb_production_company": 0.02052902802824974,
        "tmdb_success": 0.0,
        "tmdb_primary_genre_svd_0": 0.010950027965009212,
        "tmdb_primary_genre_svd_1": 0.016422251239418983,
        "tmdb_primary_genre_svd_2": 0.013004171662032604,
        "tmdb_primary_genre_svd_3": 0.008823537267744541,
        "tmdb_primary_genre_svd_4": 0.024384228512644768
    }
}