{
    "metrics": {
        "roc_auc": 0.9895075936250302,
        "accuracy": 0.9558989822842066,
        "precision": 0.9545340994254309,
        "sensitivity": 0.9576441102756892,
        "specificity": 0.9541446208112875
    },
    "hyperparameters": {
        "objective": "binary:logistic",
        "eval_metric": "auc",
        "n_estimators": 191,
        "learning_rate": 0.02287515976651604,
        "max_depth": 9,
        "reg_alpha": 4.340977866019503,
        "reg_lambda": 9.097816588126864,
        "tree_method": "hist",
        "random_state": 42,
        "verbosity": 0,
        "n_jobs": -1
    },
    "confusion_matrix": {
        "True_Positives": 3821,
        "False_Positives": 182,
        "True_Negatives": 3787,
        "False_Negatives": 169
    },
    "feature_importances_gain": {
        "": 0.003704180009663105,
        "runtimeMinutes": 0.00885293073952198,
        "numVotes": 0.003942829556763172,
        "startYear": 0.022098228335380554,
        "endYear": 0.0,
        "tmdb_popularity": 0.0300961472094059,
        "tmdb_vote_average": 0.7756446599960327,
        "tmdb_budget": 0.011477375403046608,
        "tmdb_revenue": 0.0206197090446949,
        "tmdb_primary_genre": 0.04691988229751587,
        "tmdb_original_language": 0.023013735190033913,
        "tmdb_origin_country": 0.027323061600327492,
        "tmdb_production_company": 0.0012789807515218854,
        "director_avg_centrality": 0.0059917583130300045,
        "director_count": 0.001890700776129961,
        "writer_avg_centrality": 0.006485823076218367,
        "writer_count": 0.003625489305704832,
        "writer_writer_max_collab_weight": 0.0016771471127867699,
        "writer_director_max_collab_weight": 0.005357347894459963
    }
}