{
    "metrics": {
        "roc_auc": 0.9914517333899121,
        "accuracy": 0.9595426561125769,
        "precision": 0.9569008470353761,
        "sensitivity": 0.96265664160401,
        "specificity": 0.9564121945074326
    },
    "hyperparameters": {
        "objective": "binary:logistic",
        "eval_metric": "auc",
        "n_estimators": 326,
        "learning_rate": 0.08963995053079914,
        "max_depth": 8,
        "reg_alpha": 2.5083932942963436,
        "reg_lambda": 7.0009647150851535,
        "tree_method": "hist",
        "random_state": 42,
        "verbosity": 0,
        "n_jobs": -1
    },
    "confusion_matrix": {
        "True_Positives": 3841,
        "False_Positives": 173,
        "True_Negatives": 3796,
        "False_Negatives": 149
    },
    "feature_importances_gain": {
        "": 0.01371079683303833,
        "runtimeMinutes": 0.012117527425289154,
        "numVotes": 0.007583537604659796,
        "startYear": 0.025533214211463928,
        "endYear": 0.0,
        "tmdb_popularity": 0.0327267125248909,
        "tmdb_vote_average": 0.6938096284866333,
        "tmdb_budget": 0.022517813369631767,
        "tmdb_revenue": 0.02158919908106327,
        "tmdb_primary_genre": 0.0536167249083519,
        "tmdb_original_language": 0.03283913433551788,
        "tmdb_origin_country": 0.028029266744852066,
        "tmdb_production_company": 0.00882231630384922,
        "director_avg_centrality": 0.008749698288738728,
        "director_count": 0.008051982149481773,
        "writer_avg_centrality": 0.009298375807702541,
        "writer_count": 0.005543865729123354,
        "writer_writer_max_collab_weight": 0.005167815368622541,
        "writer_director_max_collab_weight": 0.010292457416653633
    }
}