{
    "metrics": {
        "roc_auc": 0.9869618712197071,
        "accuracy": 0.9491764705882353,
        "precision": 0.9418685121107266,
        "sensitivity": 0.9457956914523975,
        "specificity": 0.9519588218472976
    },
    "hyperparameters": {
        "objective": "binary:logistic",
        "eval_metric": "auc",
        "n_estimators": 488,
        "learning_rate": 0.1476808744953236,
        "max_depth": 6,
        "reg_alpha": 9.562722288422588,
        "reg_lambda": 8.037772453196956,
        "tree_method": "hist",
        "random_state": 42,
        "verbosity": 0,
        "n_jobs": -1
    },
    "confusion_matrix": {
        "True_Positives": 2722,
        "False_Positives": 168,
        "True_Negatives": 3329,
        "False_Negatives": 156
    }
}