{
    "metrics": {
        "roc_auc": 0.9867055184155855,
        "accuracy": 0.9483718576008099,
        "precision": 0.9446825087650954,
        "sensitivity": 0.936655079181151,
        "specificity": 0.957459556620731
    },
    "hyperparameters": {
        "objective": "binary:logistic",
        "eval_metric": "auc",
        "n_estimators": 53,
        "learning_rate": 0.10126816002371554,
        "max_depth": 8,
        "reg_alpha": 8.949121025968465,
        "reg_lambda": 4.336912123957659,
        "tree_method": "hist",
        "random_state": 42,
        "verbosity": 0,
        "n_jobs": -1
    },
    "confusion_matrix": {
        "True_Positives": 2425,
        "False_Positives": 142,
        "True_Negatives": 3196,
        "False_Negatives": 164
    }
}