{
    "metrics": {
        "roc_auc": 0.9897565468218291,
        "accuracy": 0.957281065460485,
        "precision": 0.9564782391195598,
        "sensitivity": 0.9583959899749374,
        "specificity": 0.9561602418745276
    },
    "hyperparameters": {
        "objective": "binary:logistic",
        "eval_metric": "auc",
        "n_estimators": 420,
        "learning_rate": 0.2368410588649515,
        "max_depth": 5,
        "reg_alpha": 3.2456918680904066,
        "reg_lambda": 0.5302909578463821,
        "tree_method": "hist",
        "random_state": 42,
        "verbosity": 0,
        "n_jobs": -1
    },
    "confusion_matrix": {
        "True_Positives": 3824,
        "False_Positives": 174,
        "True_Negatives": 3795,
        "False_Negatives": 166
    },
    "feature_importances_gain": {
        "": 0.01423201709985733,
        "runtimeMinutes": 0.01631319336593151,
        "numVotes": 0.009374652989208698,
        "startYear": 0.026051191613078117,
        "endYear": 0.0,
        "tmdb_popularity": 0.03747720271348953,
        "tmdb_vote_average": 0.7269584536552429,
        "tmdb_budget": 0.02314554899930954,
        "tmdb_revenue": 0.021151917055249214,
        "tmdb_primary_genre": 0.04303369298577309,
        "tmdb_production_company": 0.017343610525131226,
        "tmdb_success": 0.0,
        "tmdb_primary_genre_encoded": 0.01942097768187523,
        "director_avg_centrality": 0.008528527803719044,
        "director_count": 0.004615809302777052,
        "writer_avg_centrality": 0.011252119205892086,
        "writer_count": 0.0035938420332968235,
        "writer_writer_max_collab_weight": 0.006670462433248758,
        "writer_director_max_collab_weight": 0.010836880654096603
    }
}