{
    "metrics": {
        "roc_auc": 0.9901765625957059,
        "accuracy": 0.9604221635883905,
        "precision": 0.9576587795765878,
        "sensitivity": 0.9636591478696742,
        "specificity": 0.9571680524061477
    },
    "hyperparameters": {
        "objective": "binary:logistic",
        "eval_metric": "auc",
        "n_estimators": 418,
        "learning_rate": 0.13428245050555682,
        "max_depth": 7,
        "reg_alpha": 9.444441223926887,
        "reg_lambda": 23.327884859067705,
        "tree_method": "hist",
        "random_state": 42,
        "verbosity": 0,
        "n_jobs": -1
    },
    "confusion_matrix": {
        "True_Positives": 3845,
        "False_Positives": 170,
        "True_Negatives": 3799,
        "False_Negatives": 145
    },
    "feature_importances_gain": {
        "": 0.004913785960525274,
        "runtimeMinutes": 0.011673964560031891,
        "numVotes": 0.005463482346385717,
        "startYear": 0.025043172761797905,
        "endYear": 0.0,
        "tmdb_popularity": 0.029092958196997643,
        "tmdb_vote_average": 0.7731716632843018,
        "tmdb_budget": 0.009456638246774673,
        "tmdb_revenue": 0.019006771966814995,
        "tmdb_primary_genre": 0.05169185996055603,
        "tmdb_original_language": 0.004654356744140387,
        "tmdb_origin_country": 0.03016660548746586,
        "tmdb_production_company": 0.0036135949194431305,
        "budget_revenue_ratio": 0.0038810016121715307,
        "votes_x_popularity": 0.003310202155262232,
        "director_avg_centrality": 0.004236215725541115,
        "director_count": 0.0031700883992016315,
        "writer_avg_centrality": 0.005480095278471708,
        "writer_count": 0.0040101101621985435,
        "writer_writer_max_collab_weight": 0.0032019061036407948,
        "writer_director_max_collab_weight": 0.004761526361107826
    }
}