{
    "metrics": {
        "roc_auc": 0.9855693344220591,
        "accuracy": 0.9490196078431372,
        "precision": 0.9427679500520292,
        "sensitivity": 0.9444058373870744,
        "specificity": 0.952816700028596
    },
    "hyperparameters": {
        "objective": "binary:logistic",
        "eval_metric": "auc",
        "n_estimators": 233,
        "learning_rate": 0.05155909714242936,
        "max_depth": 8,
        "reg_alpha": 0.4615254568855265,
        "reg_lambda": 0.20803705053325516,
        "tree_method": "hist",
        "random_state": 42,
        "verbosity": 0,
        "n_jobs": -1
    },
    "confusion_matrix": {
        "True_Positives": 2718,
        "False_Positives": 165,
        "True_Negatives": 3332,
        "False_Negatives": 160
    },
    "feature_importances_gain": {
        "runtimeMinutes": 0.021287361159920692,
        "numVotes": 0.01579046994447708,
        "startYear": 0.033649299293756485,
        "endYear": 0.0,
        "director_avg_centrality": 0.015491452999413013,
        "director_max_centrality": 0.010244986973702908,
        "director_count": 0.014492240734398365,
        "writer_avg_centrality": 0.017039736732840538,
        "writer_max_centrality": 0.022584278136491776,
        "writer_count": 0.016614237800240517,
        "writer_writer_max_collab_weight": 0.013390162959694862,
        "writer_director_max_collab_weight": 0.011906874366104603,
        "tmdb_popularity": 0.03890019282698631,
        "tmdb_vote_average": 0.5542148947715759,
        "tmdb_budget": 0.026690231636166573,
        "tmdb_revenue": 0.02059420943260193,
        "tmdb_runtime": 0.017367782071232796,
        "tmdb_primary_genre": 0.050305794924497604,
        "tmdb_production_company": 0.021447934210300446,
        "tmdb_success": 0.0,
        "tmdb_primary_genre_svd_0": 0.017290517687797546,
        "tmdb_primary_genre_svd_1": 0.017958642914891243,
        "tmdb_primary_genre_svd_2": 0.013138004578649998,
        "tmdb_primary_genre_svd_3": 0.007112461142241955,
        "tmdb_primary_genre_svd_4": 0.022488228976726532
    }
}