{
    "metrics": {
        "roc_auc": 0.9888716500245323,
        "accuracy": 0.9558989822842066,
        "precision": 0.9531755915317559,
        "sensitivity": 0.9591478696741854,
        "specificity": 0.9526329050138574
    },
    "hyperparameters": {
        "objective": "binary:logistic",
        "eval_metric": "auc",
        "n_estimators": 382,
        "learning_rate": 0.05302049460315388,
        "max_depth": 7,
        "reg_alpha": 2.7925286231133617,
        "reg_lambda": 0.5869452127513863,
        "tree_method": "hist",
        "random_state": 42,
        "verbosity": 0,
        "n_jobs": -1
    },
    "confusion_matrix": {
        "True_Positives": 3827,
        "False_Positives": 188,
        "True_Negatives": 3781,
        "False_Negatives": 163
    },
    "feature_importances_gain": {
        "": 0.013375507667660713,
        "runtimeMinutes": 0.01491303276270628,
        "numVotes": 0.010047576390206814,
        "startYear": 0.025193100795149803,
        "endYear": 0.0,
        "tmdb_popularity": 0.03394920751452446,
        "tmdb_vote_average": 0.7384893298149109,
        "tmdb_budget": 0.023281002417206764,
        "tmdb_revenue": 0.02235204540193081,
        "tmdb_primary_genre": 0.03882697969675064,
        "tmdb_production_company": 0.01209651306271553,
        "tmdb_success": 0.0,
        "tmdb_primary_genre_encoded": 0.011641152203083038,
        "director_avg_centrality": 0.009782018139958382,
        "director_count": 0.004341552499681711,
        "writer_avg_centrality": 0.012537073343992233,
        "writer_count": 0.0059856027364730835,
        "writer_writer_max_collab_weight": 0.005995386745780706,
        "writer_director_max_collab_weight": 0.017192820087075233
    }
}