{
    "metrics": {
        "roc_auc": 0.9907683039799043,
        "accuracy": 0.9581605729362985,
        "precision": 0.955871353777113,
        "sensitivity": 0.9609022556390977,
        "specificity": 0.9554043839758125
    },
    "hyperparameters": {
        "objective": "binary:logistic",
        "eval_metric": "auc",
        "n_estimators": 337,
        "learning_rate": 0.13161762434918312,
        "max_depth": 8,
        "reg_alpha": 6.375375583072824,
        "reg_lambda": 8.628300419426973,
        "tree_method": "hist",
        "random_state": 42,
        "verbosity": 0,
        "n_jobs": -1
    },
    "confusion_matrix": {
        "True_Positives": 3834,
        "False_Positives": 177,
        "True_Negatives": 3792,
        "False_Negatives": 156
    },
    "feature_importances_gain": {
        "": 0.007550810929387808,
        "runtimeMinutes": 0.010712824761867523,
        "numVotes": 0.005197274032980204,
        "startYear": 0.02657937817275524,
        "endYear": 0.0,
        "tmdb_popularity": 0.0358562134206295,
        "tmdb_vote_average": 0.7539820075035095,
        "tmdb_budget": 0.01399805024266243,
        "tmdb_revenue": 0.01948292925953865,
        "tmdb_primary_genre": 0.04351992532610893,
        "tmdb_original_language": 0.007739150431007147,
        "tmdb_origin_country": 0.030511144548654556,
        "tmdb_production_company": 0.006581172812730074,
        "director_avg_centrality": 0.007174347527325153,
        "director_count": 0.0045572249218821526,
        "writer_avg_centrality": 0.008715827018022537,
        "writer_count": 0.005954929161816835,
        "writer_writer_max_collab_weight": 0.004935991484671831,
        "writer_director_max_collab_weight": 0.006950779352337122
    }
}