{
    "metrics": {
        "roc_auc": 0.9909300209455361,
        "accuracy": 0.9594170121874608,
        "precision": 0.9566625155666252,
        "sensitivity": 0.96265664160401,
        "specificity": 0.9561602418745276
    },
    "hyperparameters": {
        "objective": "binary:logistic",
        "eval_metric": "auc",
        "n_estimators": 338,
        "learning_rate": 0.11623269181506315,
        "max_depth": 7,
        "reg_alpha": 5.224158407147923,
        "reg_lambda": 6.696539682424849,
        "tree_method": "hist",
        "random_state": 42,
        "verbosity": 0,
        "n_jobs": -1
    },
    "confusion_matrix": {
        "True_Positives": 3841,
        "False_Positives": 174,
        "True_Negatives": 3795,
        "False_Negatives": 149
    },
    "feature_importances_gain": {
        "": 0.005888866260647774,
        "runtimeMinutes": 0.011734149418771267,
        "numVotes": 0.0064055295661091805,
        "startYear": 0.027087675407528877,
        "endYear": 0.0,
        "tmdb_popularity": 0.03364590182900429,
        "tmdb_vote_average": 0.74269038438797,
        "tmdb_budget": 0.01578786037862301,
        "tmdb_revenue": 0.021890880540013313,
        "tmdb_primary_genre": 0.044588420540094376,
        "tmdb_original_language": 0.01169655378907919,
        "tmdb_origin_country": 0.03194252774119377,
        "tmdb_production_company": 0.006525855977088213,
        "director_avg_centrality": 0.005145678296685219,
        "director_count": 0.004657294601202011,
        "writer_avg_centrality": 0.00938979722559452,
        "writer_count": 0.005823364015668631,
        "writer_writer_max_collab_weight": 0.0036219449248164892,
        "writer_director_max_collab_weight": 0.011477315798401833
    }
}