{
    "metrics": {
        "roc_auc": 0.9810271774169615,
        "accuracy": 0.9405704234200276,
        "precision": 0.9462065465617864,
        "sensitivity": 0.9345864661654135,
        "specificity": 0.9465860418241371
    },
    "hyperparameters": {
        "objective": "binary:logistic",
        "eval_metric": "auc",
        "n_estimators": 485,
        "learning_rate": 0.013820294705929385,
        "max_depth": 10,
        "reg_alpha": 10.867245116776898,
        "reg_lambda": 11.875912679250543,
        "tree_method": "hist",
        "random_state": 42,
        "verbosity": 0,
        "n_jobs": -1
    },
    "confusion_matrix": {
        "True_Positives": 3729,
        "False_Positives": 212,
        "True_Negatives": 3757,
        "False_Negatives": 261
    },
    "feature_importances_gain": {
        "": 0.0015410804189741611,
        "runtimeMinutes": 0.020295483991503716,
        "numVotes": 0.005558645352721214,
        "startYear": 0.027268769219517708,
        "endYear": 0.0,
        "tmdb_popularity": 0.022648924961686134,
        "tmdb_vote_average": 0.7686439156532288,
        "tmdb_budget": 0.00833804253488779,
        "tmdb_revenue": 0.015485509298741817,
        "tmdb_primary_genre": 0.04068686068058014,
        "tmdb_original_language": 0.015641160309314728,
        "tmdb_origin_country": 0.022789236158132553,
        "tmdb_production_company": 0.00216777459718287,
        "budget_revenue_ratio": 0.013032406568527222,
        "votes_x_popularity": 0.005419063847512007,
        "director_avg_centrality": 0.003307789098471403,
        "director_count": 0.0013717693509534001,
        "writer_avg_centrality": 0.015138126909732819,
        "writer_count": 0.0017558455001562834,
        "writer_writer_max_collab_weight": 0.003399730660021305,
        "writer_director_max_collab_weight": 0.005509883165359497
    }
}