{
    "metrics": {
        "roc_auc": 0.9824452429492329,
        "accuracy": 0.9468235294117647,
        "precision": 0.9391214112763749,
        "sensitivity": 0.943363446838082,
        "specificity": 0.949671146697169
    },
    "hyperparameters": {
        "objective": "binary:logistic",
        "eval_metric": "auc",
        "n_estimators": 257,
        "learning_rate": 0.01271549379316888,
        "max_depth": 7,
        "reg_alpha": 3.583095809815605,
        "reg_lambda": 0.6736973573312088,
        "tree_method": "hist",
        "random_state": 42,
        "verbosity": 0,
        "n_jobs": -1
    },
    "confusion_matrix": {
        "True_Positives": 2715,
        "False_Positives": 176,
        "True_Negatives": 3321,
        "False_Negatives": 163
    }
}