{
    "metrics": {
        "roc_auc": 0.9911123866607815,
        "accuracy": 0.9615529589144365,
        "precision": 0.9577534791252486,
        "sensitivity": 0.9659147869674185,
        "specificity": 0.9571680524061477
    },
    "hyperparameters": {
        "objective": "binary:logistic",
        "eval_metric": "auc",
        "n_estimators": 263,
        "learning_rate": 0.17865374597416728,
        "max_depth": 7,
        "reg_alpha": 1.8677698999266057,
        "reg_lambda": 9.546139766541357,
        "tree_method": "hist",
        "random_state": 42,
        "verbosity": 0,
        "n_jobs": -1
    },
    "confusion_matrix": {
        "True_Positives": 3854,
        "False_Positives": 170,
        "True_Negatives": 3799,
        "False_Negatives": 136
    },
    "feature_importances_gain": {
        "": 0.025529619306325912,
        "runtimeMinutes": 0.013567512854933739,
        "numVotes": 0.008148297667503357,
        "startYear": 0.025511976331472397,
        "endYear": 0.0,
        "tmdb_popularity": 0.03164629265666008,
        "tmdb_vote_average": 0.6862003207206726,
        "tmdb_budget": 0.017221443355083466,
        "tmdb_revenue": 0.0227796733379364,
        "tmdb_primary_genre": 0.04352901875972748,
        "tmdb_original_language": 0.04515261575579643,
        "tmdb_origin_country": 0.029117483645677567,
        "tmdb_production_company": 0.009343594312667847,
        "director_avg_centrality": 0.0088634192943573,
        "director_count": 0.005016673356294632,
        "writer_avg_centrality": 0.011307070031762123,
        "writer_count": 0.004556150175631046,
        "writer_writer_max_collab_weight": 0.004151509143412113,
        "writer_director_max_collab_weight": 0.008357240818440914
    }
}