{
    "metrics": {
        "roc_auc": 0.9647983337027375,
        "accuracy": 0.9460987561251414,
        "precision": 0.9333171087855926,
        "sensitivity": 0.9611528822055138,
        "specificity": 0.9309649785840262
    },
    "hyperparameters": {
        "objective": "binary:logistic",
        "eval_metric": "auc",
        "n_estimators": 154,
        "learning_rate": 0.013562281966832694,
        "max_depth": 5,
        "reg_alpha": 2.2918358859245016,
        "reg_lambda": 6.580360259607208,
        "tree_method": "hist",
        "random_state": 42,
        "verbosity": 0,
        "n_jobs": -1
    },
    "confusion_matrix": {
        "True_Positives": 3835,
        "False_Positives": 274,
        "True_Negatives": 3695,
        "False_Negatives": 155
    },
    "feature_importances_gain": {
        "": 0.0,
        "runtimeMinutes": 0.0010654075304046273,
        "numVotes": 0.0002465391007717699,
        "startYear": 0.0033513340167701244,
        "endYear": 0.0,
        "tmdb_popularity": 0.016404952853918076,
        "tmdb_vote_average": 0.8745073080062866,
        "tmdb_budget": 0.0,
        "tmdb_revenue": 0.005162247456610203,
        "tmdb_primary_genre": 0.006160825956612825,
        "tmdb_original_language": 0.07614883035421371,
        "tmdb_origin_country": 0.008325285278260708,
        "tmdb_production_company": 0.0,
        "director_avg_centrality": 0.0,
        "director_count": 0.001521078054793179,
        "writer_avg_centrality": 0.003632867941632867,
        "writer_count": 0.0032830776181071997,
        "writer_writer_max_collab_weight": 0.00019029229588340968,
        "writer_director_max_collab_weight": 0.0
    }
}