{
    "metrics": {
        "roc_auc": 0.9859973396267919,
        "accuracy": 0.9515065913370998,
        "precision": 0.9446175147109727,
        "sensitivity": 0.948227936066713,
        "specificity": 0.9542072123640527
    },
    "hyperparameters": {
        "objective": "binary:logistic",
        "eval_metric": "auc",
        "n_estimators": 127,
        "learning_rate": 0.09886074067634625,
        "max_depth": 6,
        "reg_alpha": 5.083770930343307,
        "reg_lambda": 0.9521939834857462,
        "tree_method": "hist",
        "random_state": 42,
        "verbosity": 0,
        "n_jobs": -1
    },
    "confusion_matrix": {
        "True_Positives": 2729,
        "False_Positives": 160,
        "True_Negatives": 3334,
        "False_Negatives": 149
    },
    "feature_importances_gain": {
        "runtimeMinutes": 0.013555927202105522,
        "numVotes": 0.01021968200802803,
        "startYear": 0.02415737323462963,
        "endYear": 0.0,
        "director_avg_centrality": 0.005923055578023195,
        "director_count": 0.007367191836237907,
        "writer_avg_centrality": 0.010762537829577923,
        "writer_count": 0.0040964954532682896,
        "writer_writer_max_collab_weight": 0.007876433432102203,
        "writer_director_max_collab_weight": 0.005976152140647173,
        "tmdb_popularity": 0.03769904002547264,
        "tmdb_vote_average": 0.6896987557411194,
        "tmdb_budget": 0.007037858944386244,
        "tmdb_revenue": 0.03099430911242962,
        "tmdb_primary_genre": 0.0434098094701767,
        "tmdb_production_company": 0.01745793968439102,
        "tmdb_success": 0.0,
        "tmdb_primary_genre_svd_0": 0.010550189763307571,
        "tmdb_primary_genre_svd_1": 0.013566214591264725,
        "tmdb_primary_genre_svd_2": 0.019065024331212044,
        "tmdb_primary_genre_svd_3": 0.02736174315214157,
        "tmdb_primary_genre_svd_4": 0.013224277645349503
    }
}