{
    "metrics": {
        "roc_auc": 0.9861886978275631,
        "accuracy": 0.9493333333333334,
        "precision": 0.9431148109608047,
        "sensitivity": 0.9447533009034051,
        "specificity": 0.953102659422362
    },
    "hyperparameters": {
        "objective": "binary:logistic",
        "eval_metric": "auc",
        "n_estimators": 276,
        "learning_rate": 0.04891201578931618,
        "max_depth": 8,
        "reg_alpha": 7.57489646734934,
        "reg_lambda": 7.2964105466026385,
        "tree_method": "hist",
        "random_state": 42,
        "verbosity": 0,
        "n_jobs": -1
    },
    "confusion_matrix": {
        "True_Positives": 2719,
        "False_Positives": 164,
        "True_Negatives": 3333,
        "False_Negatives": 159
    }
}