{
    "metrics": {
        "roc_auc": 0.9841701404738262,
        "accuracy": 0.9476078431372549,
        "precision": 0.9422809457579973,
        "sensitivity": 0.9416261292564281,
        "specificity": 0.9525307406348299
    },
    "hyperparameters": {
        "objective": "binary:logistic",
        "eval_metric": "auc",
        "n_estimators": 87,
        "learning_rate": 0.07767296205610544,
        "max_depth": 5,
        "reg_alpha": 4.837362185068612,
        "reg_lambda": 2.9066268009216056,
        "tree_method": "hist",
        "random_state": 42,
        "verbosity": 0,
        "n_jobs": -1
    },
    "confusion_matrix": {
        "True_Positives": 2710,
        "False_Positives": 166,
        "True_Negatives": 3331,
        "False_Negatives": 168
    },
    "feature_importances_gain": {
        "runtimeMinutes": 0.01630859449505806,
        "numVotes": 0.01058724895119667,
        "startYear": 0.03789473697543144,
        "endYear": 0.0,
        "director_avg_centrality": 0.002214467618614435,
        "director_max_centrality": 0.0,
        "director_count": 0.003324787598103285,
        "writer_avg_centrality": 0.017145004123449326,
        "writer_max_centrality": 0.027458228170871735,
        "writer_count": 0.006640922278165817,
        "writer_writer_max_collab_weight": 0.007583358325064182,
        "writer_director_max_collab_weight": 0.004120068158954382,
        "tmdb_popularity": 0.04573756828904152,
        "tmdb_vote_average": 0.6193441152572632,
        "tmdb_budget": 0.018421851098537445,
        "tmdb_revenue": 0.032000090926885605,
        "tmdb_runtime": 0.020370133221149445,
        "tmdb_primary_genre": 0.04919523373246193,
        "tmdb_production_company": 0.004978453740477562,
        "tmdb_success": 0.0,
        "tmdb_primary_genre_svd_0": 0.01219926867634058,
        "tmdb_primary_genre_svd_1": 0.024122601374983788,
        "tmdb_primary_genre_svd_2": 0.012129673734307289,
        "tmdb_primary_genre_svd_3": 0.005648837890475988,
        "tmdb_primary_genre_svd_4": 0.0225747749209404
    }
}