{
    "metrics": {
        "roc_auc": 0.9893215338674224,
        "accuracy": 0.9566528458349038,
        "precision": 0.9557389347336834,
        "sensitivity": 0.9578947368421052,
        "specificity": 0.9554043839758125
    },
    "hyperparameters": {
        "objective": "binary:logistic",
        "eval_metric": "auc",
        "n_estimators": 430,
        "learning_rate": 0.11875236443051178,
        "max_depth": 8,
        "reg_alpha": 16.33571327251782,
        "reg_lambda": 38.41440451145024,
        "tree_method": "hist",
        "random_state": 42,
        "verbosity": 0,
        "n_jobs": -1
    },
    "confusion_matrix": {
        "True_Positives": 3822,
        "False_Positives": 177,
        "True_Negatives": 3792,
        "False_Negatives": 168
    },
    "feature_importances_gain": {
        "": 0.005018127150833607,
        "runtimeMinutes": 0.011595772579312325,
        "numVotes": 0.004764114040881395,
        "startYear": 0.026957986876368523,
        "endYear": 0.0,
        "tmdb_popularity": 0.028096875175833702,
        "tmdb_vote_average": 0.789952278137207,
        "tmdb_budget": 0.007540795486420393,
        "tmdb_revenue": 0.02354627102613449,
        "tmdb_primary_genre": 0.04406432434916496,
        "tmdb_original_language": 0.005282508209347725,
        "tmdb_origin_country": 0.023220526054501534,
        "tmdb_production_company": 0.0022426103241741657,
        "budget_revenue_ratio": 0.004305603448301554,
        "votes_x_popularity": 0.002253918210044503,
        "director_avg_centrality": 0.0022172832395881414,
        "director_count": 0.005147453397512436,
        "writer_avg_centrality": 0.006065379828214645,
        "writer_count": 0.0027818449307233095,
        "writer_writer_max_collab_weight": 0.0023531781043857336,
        "writer_director_max_collab_weight": 0.002593177603557706
    }
}