{
    "metrics": {
        "roc_auc": 0.9854776744009508,
        "accuracy": 0.9482352941176471,
        "precision": 0.9396135265700483,
        "sensitivity": 0.9461431549687283,
        "specificity": 0.9499571060909351
    },
    "hyperparameters": {
        "objective": "binary:logistic",
        "eval_metric": "auc",
        "n_estimators": 153,
        "learning_rate": 0.185206009920764,
        "max_depth": 5,
        "reg_alpha": 5.447159246119366,
        "reg_lambda": 7.031511370407957,
        "tree_method": "hist",
        "random_state": 42,
        "verbosity": 0,
        "n_jobs": -1
    },
    "confusion_matrix": {
        "True_Positives": 2723,
        "False_Positives": 175,
        "True_Negatives": 3322,
        "False_Negatives": 155
    }
}