{
    "metrics": {
        "roc_auc": 0.9851451821794345,
        "accuracy": 0.9438371654730494,
        "precision": 0.9458847218726403,
        "sensitivity": 0.9418546365914787,
        "specificity": 0.9458301839254221
    },
    "hyperparameters": {
        "objective": "binary:logistic",
        "eval_metric": "auc",
        "n_estimators": 485,
        "learning_rate": 0.1481163458776221,
        "max_depth": 4,
        "reg_alpha": 13.31901955298003,
        "reg_lambda": 39.4944542171687,
        "tree_method": "hist",
        "random_state": 42,
        "verbosity": 0,
        "n_jobs": -1
    },
    "confusion_matrix": {
        "True_Positives": 3758,
        "False_Positives": 215,
        "True_Negatives": 3754,
        "False_Negatives": 232
    },
    "feature_importances_gain": {
        "": 0.004041914362460375,
        "runtimeMinutes": 0.024119552224874496,
        "numVotes": 0.007697541732341051,
        "startYear": 0.027689937502145767,
        "endYear": 0.0,
        "tmdb_popularity": 0.029874805361032486,
        "tmdb_vote_average": 0.7279859781265259,
        "tmdb_budget": 0.007954803295433521,
        "tmdb_revenue": 0.016644852235913277,
        "tmdb_primary_genre": 0.0467546284198761,
        "tmdb_original_language": 0.02980540506541729,
        "tmdb_origin_country": 0.02678019180893898,
        "tmdb_production_company": 0.0027664252556860447,
        "budget_revenue_ratio": 0.01508337166160345,
        "votes_x_popularity": 0.004296763334423304,
        "director_avg_centrality": 0.0025086377281695604,
        "director_count": 0.0,
        "writer_avg_centrality": 0.016918973997235298,
        "writer_count": 0.0027478933334350586,
        "writer_writer_max_collab_weight": 0.002528540091589093,
        "writer_director_max_collab_weight": 0.003799828002229333
    }
}