{
    "metrics": {
        "roc_auc": 0.9684416382351697,
        "accuracy": 0.9359215981907275,
        "precision": 0.9332669322709163,
        "sensitivity": 0.9393483709273183,
        "specificity": 0.9324766943814563
    },
    "hyperparameters": {
        "objective": "binary:logistic",
        "eval_metric": "auc",
        "n_estimators": 396,
        "learning_rate": 0.01043425960107282,
        "max_depth": 10,
        "reg_alpha": 1.261891987625483,
        "reg_lambda": 30.60658729440783,
        "tree_method": "hist",
        "random_state": 42,
        "verbosity": 0,
        "n_jobs": -1
    },
    "confusion_matrix": {
        "True_Positives": 3748,
        "False_Positives": 268,
        "True_Negatives": 3701,
        "False_Negatives": 242
    },
    "feature_importances_gain": {
        "": 0.0012141959741711617,
        "runtimeMinutes": 0.007180377840995789,
        "numVotes": 0.0024116532877087593,
        "startYear": 0.018117574974894524,
        "endYear": 0.0,
        "tmdb_popularity": 0.01762036234140396,
        "tmdb_vote_average": 0.7739449739456177,
        "tmdb_budget": 0.006443809252232313,
        "tmdb_revenue": 0.0057088653557002544,
        "tmdb_primary_genre": 0.020325206220149994,
        "tmdb_original_language": 0.1006416380405426,
        "tmdb_origin_country": 0.012580778449773788,
        "tmdb_production_company": 0.0017804820090532303,
        "budget_revenue_ratio": 0.013715246692299843,
        "votes_x_popularity": 0.002992269117385149,
        "director_avg_centrality": 0.0017405457329005003,
        "director_count": 0.0008772703004069626,
        "writer_avg_centrality": 0.007971937768161297,
        "writer_count": 0.0007005478837527335,
        "writer_writer_max_collab_weight": 0.0014944715658202767,
        "writer_director_max_collab_weight": 0.002537807449698448
    }
}