{
    "metrics": {
        "roc_auc": 0.988283957500056,
        "accuracy": 0.9524211236713346,
        "precision": 0.9465737514518002,
        "sensitivity": 0.944380069524913,
        "specificity": 0.9586578789694428
    },
    "hyperparameters": {
        "objective": "binary:logistic",
        "eval_metric": "auc",
        "n_estimators": 92,
        "learning_rate": 0.16328369382724536,
        "max_depth": 9,
        "reg_alpha": 5.136611475362293,
        "reg_lambda": 9.648229370939493,
        "tree_method": "hist",
        "random_state": 42,
        "verbosity": 0,
        "n_jobs": -1
    },
    "confusion_matrix": {
        "True_Positives": 2445,
        "False_Positives": 138,
        "True_Negatives": 3200,
        "False_Negatives": 144
    },
    "feature_importances_gain": {
        "runtimeMinutes": 0.01068262942135334,
        "numVotes": 0.009062915109097958,
        "startYear": 0.0307574812322855,
        "endYear": 0.0,
        "director_avg_centrality": 0.009893912822008133,
        "director_max_centrality": 0.009103105403482914,
        "director_count": 0.008534871973097324,
        "writer_avg_centrality": 0.011234124191105366,
        "writer_max_centrality": 0.010721749626100063,
        "writer_count": 0.0055680228397250175,
        "writer_writer_max_collab_weight": 0.0044379523023962975,
        "writer_director_max_collab_weight": 0.0037884132470935583,
        "tmdb_popularity": 0.02285437472164631,
        "tmdb_vote_average": 0.6890047788619995,
        "tmdb_budget": 0.012480583041906357,
        "tmdb_revenue": 0.018685227259993553,
        "tmdb_runtime": 0.01586776040494442,
        "tmdb_primary_genre": 0.034393902868032455,
        "tmdb_production_company": 0.009493385441601276,
        "tmdb_success": 0.0,
        "tmdb_primary_genre_svd_0": 0.007976418361067772,
        "tmdb_primary_genre_svd_1": 0.03975556045770645,
        "tmdb_primary_genre_svd_2": 0.011035698466002941,
        "tmdb_primary_genre_svd_3": 0.006980428472161293,
        "tmdb_primary_genre_svd_4": 0.017686719074845314
    }
}