{
    "metrics": {
        "roc_auc": 0.9870402169396462,
        "accuracy": 0.951843137254902,
        "precision": 0.9468196037539103,
        "sensitivity": 0.9464906184850591,
        "specificity": 0.9562482127537889
    },
    "hyperparameters": {
        "objective": "binary:logistic",
        "eval_metric": "auc",
        "n_estimators": 244,
        "learning_rate": 0.2785779690012543,
        "max_depth": 5,
        "reg_alpha": 3.9903857415528265,
        "reg_lambda": 1.3679293818612037,
        "tree_method": "hist",
        "random_state": 42,
        "verbosity": 0,
        "n_jobs": -1
    },
    "confusion_matrix": {
        "True_Positives": 2724,
        "False_Positives": 153,
        "True_Negatives": 3344,
        "False_Negatives": 154
    },
    "feature_importances_gain": {
        "runtimeMinutes": 0.015637779608368874,
        "numVotes": 0.01109762117266655,
        "startYear": 0.03317592665553093,
        "endYear": 0.0,
        "director_avg_centrality": 0.0036435844376683235,
        "director_max_centrality": 0.0045991805382072926,
        "director_count": 0.009527870453894138,
        "writer_avg_centrality": 0.012414881959557533,
        "writer_max_centrality": 0.019432274624705315,
        "writer_count": 0.009424792602658272,
        "writer_writer_max_collab_weight": 0.00723820086568594,
        "writer_director_max_collab_weight": 0.0036302520893514156,
        "tmdb_popularity": 0.04195350781083107,
        "tmdb_vote_average": 0.6404568552970886,
        "tmdb_budget": 0.019078832119703293,
        "tmdb_revenue": 0.0233425535261631,
        "tmdb_runtime": 0.01599930226802826,
        "tmdb_primary_genre": 0.05273229628801346,
        "tmdb_production_company": 0.010943159461021423,
        "tmdb_success": 0.0,
        "tmdb_primary_genre_svd_0": 0.008145510219037533,
        "tmdb_primary_genre_svd_1": 0.02256780117750168,
        "tmdb_primary_genre_svd_2": 0.009946032427251339,
        "tmdb_primary_genre_svd_3": 0.008819413371384144,
        "tmdb_primary_genre_svd_4": 0.016192419454455376
    }
}