{
    "metrics": {
        "roc_auc": 0.9882596703398708,
        "accuracy": 0.9570297776102525,
        "precision": 0.9557721139430285,
        "sensitivity": 0.9586466165413534,
        "specificity": 0.9554043839758125
    },
    "hyperparameters": {
        "objective": "binary:logistic",
        "eval_metric": "auc",
        "n_estimators": 70,
        "learning_rate": 0.2812632288865486,
        "max_depth": 9,
        "reg_alpha": 1.4434147661299268,
        "reg_lambda": 0.6505485110467146,
        "tree_method": "hist",
        "random_state": 42,
        "verbosity": 0,
        "n_jobs": -1
    },
    "confusion_matrix": {
        "True_Positives": 3825,
        "False_Positives": 177,
        "True_Negatives": 3792,
        "False_Negatives": 165
    },
    "feature_importances_gain": {
        "": 0.014739524573087692,
        "runtimeMinutes": 0.01703684590756893,
        "numVotes": 0.013842642307281494,
        "startYear": 0.02908927947282791,
        "endYear": 0.0,
        "tmdb_popularity": 0.029400741681456566,
        "tmdb_vote_average": 0.707019031047821,
        "tmdb_budget": 0.027754489332437515,
        "tmdb_revenue": 0.02136056125164032,
        "tmdb_primary_genre": 0.04347759112715721,
        "tmdb_production_company": 0.0125060910359025,
        "tmdb_success": 0.0,
        "tmdb_primary_genre_encoded": 0.012409789487719536,
        "director_avg_centrality": 0.012195470742881298,
        "director_count": 0.010413683019578457,
        "writer_avg_centrality": 0.014727354049682617,
        "writer_count": 0.008050162345170975,
        "writer_writer_max_collab_weight": 0.008057130500674248,
        "writer_director_max_collab_weight": 0.017919568344950676
    }
}