{
    "metrics": {
        "roc_auc": 0.9875419210662079,
        "accuracy": 0.9526322402311849,
        "precision": 0.9530975670930524,
        "sensitivity": 0.9523809523809523,
        "specificity": 0.9528848576467625
    },
    "hyperparameters": {
        "objective": "binary:logistic",
        "eval_metric": "auc",
        "n_estimators": 234,
        "learning_rate": 0.12386946933637484,
        "max_depth": 5,
        "reg_alpha": 29.112628033046185,
        "reg_lambda": 32.14272572179051,
        "tree_method": "hist",
        "random_state": 42,
        "verbosity": 0,
        "n_jobs": -1
    },
    "confusion_matrix": {
        "True_Positives": 3800,
        "False_Positives": 187,
        "True_Negatives": 3782,
        "False_Negatives": 190
    },
    "feature_importances_gain": {
        "": 0.0033015927765518427,
        "runtimeMinutes": 0.012932165525853634,
        "numVotes": 0.004074219614267349,
        "startYear": 0.025607693940401077,
        "endYear": 0.0,
        "tmdb_popularity": 0.026797890663146973,
        "tmdb_vote_average": 0.8238763213157654,
        "tmdb_budget": 0.0037279606331139803,
        "tmdb_revenue": 0.021050307899713516,
        "tmdb_primary_genre": 0.025477852672338486,
        "tmdb_original_language": 0.010682858526706696,
        "tmdb_origin_country": 0.017787056043744087,
        "tmdb_production_company": 0.003163109766319394,
        "budget_revenue_ratio": 0.0052061183378100395,
        "votes_x_popularity": 0.0009503689361736178,
        "director_avg_centrality": 0.0,
        "director_count": 0.004048349801450968,
        "writer_avg_centrality": 0.006079067476093769,
        "writer_count": 0.0,
        "writer_writer_max_collab_weight": 0.0012275638291612267,
        "writer_director_max_collab_weight": 0.0040094549767673016
    }
}