{
    "metrics": {
        "roc_auc": 0.9880030613385479,
        "accuracy": 0.9515065913370998,
        "precision": 0.9452339688041594,
        "sensitivity": 0.9475330090340515,
        "specificity": 0.954779622209502
    },
    "hyperparameters": {
        "objective": "binary:logistic",
        "eval_metric": "auc",
        "n_estimators": 452,
        "learning_rate": 0.031673168967692025,
        "max_depth": 6,
        "reg_alpha": 2.684677247582712,
        "reg_lambda": 8.492841444604743,
        "tree_method": "hist",
        "random_state": 42,
        "verbosity": 0,
        "n_jobs": -1
    },
    "confusion_matrix": {
        "True_Positives": 2727,
        "False_Positives": 158,
        "True_Negatives": 3336,
        "False_Negatives": 151
    },
    "feature_importances_gain": {
        "runtimeMinutes": 0.013183054514229298,
        "numVotes": 0.010221094824373722,
        "startYear": 0.025927837938070297,
        "endYear": 0.0,
        "director_avg_centrality": 0.002662939252331853,
        "director_count": 0.0072867474518716335,
        "writer_avg_centrality": 0.012781062163412571,
        "writer_count": 0.006257276516407728,
        "writer_writer_max_collab_weight": 0.013071428053081036,
        "writer_director_max_collab_weight": 0.007219185121357441,
        "tmdb_popularity": 0.03783993422985077,
        "tmdb_vote_average": 0.6583679914474487,
        "tmdb_budget": 0.00877053290605545,
        "tmdb_revenue": 0.0367780476808548,
        "tmdb_primary_genre": 0.06874031573534012,
        "tmdb_production_company": 0.020396258682012558,
        "tmdb_success": 0.0,
        "tmdb_primary_genre_svd_0": 0.010360575281083584,
        "tmdb_primary_genre_svd_1": 0.014267493970692158,
        "tmdb_primary_genre_svd_2": 0.012127693742513657,
        "tmdb_primary_genre_svd_3": 0.01343991793692112,
        "tmdb_primary_genre_svd_4": 0.02030070126056671
    }
}