{
    "metrics": {
        "roc_auc": 0.9880075861210302,
        "accuracy": 0.9505649717514124,
        "precision": 0.9445022545959071,
        "sensitivity": 0.9461431549687283,
        "specificity": 0.9542072123640527
    },
    "hyperparameters": {
        "objective": "binary:logistic",
        "eval_metric": "auc",
        "n_estimators": 218,
        "learning_rate": 0.04054180231450171,
        "max_depth": 5,
        "reg_alpha": 7.710033050912381,
        "reg_lambda": 6.182485568964223,
        "tree_method": "hist",
        "random_state": 42,
        "verbosity": 0,
        "n_jobs": -1
    },
    "confusion_matrix": {
        "True_Positives": 2723,
        "False_Positives": 160,
        "True_Negatives": 3334,
        "False_Negatives": 155
    },
    "feature_importances_gain": {
        "runtimeMinutes": 0.015119907446205616,
        "numVotes": 0.011048360727727413,
        "startYear": 0.02554226480424404,
        "endYear": 0.0,
        "director_avg_centrality": 0.0,
        "director_count": 0.005666303914040327,
        "writer_avg_centrality": 0.015349377878010273,
        "writer_count": 0.003714847844094038,
        "writer_writer_max_collab_weight": 0.008917896077036858,
        "writer_director_max_collab_weight": 0.0029215412214398384,
        "tmdb_popularity": 0.0390738807618618,
        "tmdb_vote_average": 0.6693211197853088,
        "tmdb_budget": 0.010814479552209377,
        "tmdb_revenue": 0.03298717737197876,
        "tmdb_primary_genre": 0.052272748202085495,
        "tmdb_production_company": 0.023295637220144272,
        "tmdb_success": 0.0,
        "tmdb_primary_genre_svd_0": 0.00830323901027441,
        "tmdb_primary_genre_svd_1": 0.03235919401049614,
        "tmdb_primary_genre_svd_2": 0.01896078512072563,
        "tmdb_primary_genre_svd_3": 0.005289785098284483,
        "tmdb_primary_genre_svd_4": 0.01904132589697838
    }
}