{
    "metrics": {
        "roc_auc": 0.99129096361463,
        "accuracy": 0.9599195878879256,
        "precision": 0.9564784879383238,
        "sensitivity": 0.9639097744360903,
        "specificity": 0.9559082892416225
    },
    "hyperparameters": {
        "objective": "binary:logistic",
        "eval_metric": "auc",
        "n_estimators": 566,
        "learning_rate": 0.11215783390811662,
        "max_depth": 6,
        "reg_alpha": 3.3527594203295417,
        "reg_lambda": 27.573436674200455,
        "tree_method": "hist",
        "random_state": 42,
        "verbosity": 0,
        "n_jobs": -1
    },
    "confusion_matrix": {
        "True_Positives": 3846,
        "False_Positives": 175,
        "True_Negatives": 3794,
        "False_Negatives": 144
    },
    "feature_importances_gain": {
        "": 0.009990271180868149,
        "runtimeMinutes": 0.012595665641129017,
        "numVotes": 0.007558430545032024,
        "startYear": 0.026297463104128838,
        "endYear": 0.0,
        "tmdb_popularity": 0.028987636789679527,
        "tmdb_vote_average": 0.7098940014839172,
        "tmdb_budget": 0.01653851941227913,
        "tmdb_revenue": 0.017257506027817726,
        "tmdb_primary_genre": 0.05281686410307884,
        "tmdb_original_language": 0.021876998245716095,
        "tmdb_origin_country": 0.037183694541454315,
        "tmdb_production_company": 0.007996076717972755,
        "budget_revenue_ratio": 0.00391150638461113,
        "votes_x_popularity": 0.0070641678757965565,
        "director_avg_centrality": 0.006908149924129248,
        "director_count": 0.006688402500003576,
        "writer_avg_centrality": 0.008522202260792255,
        "writer_count": 0.006925963331013918,
        "writer_writer_max_collab_weight": 0.003513884963467717,
        "writer_director_max_collab_weight": 0.007472677621990442
    }
}