{
    "metrics": {
        "roc_auc": 0.9897839837689462,
        "accuracy": 0.9570297776102525,
        "precision": 0.956,
        "sensitivity": 0.9583959899749374,
        "specificity": 0.9556563366087175
    },
    "hyperparameters": {
        "objective": "binary:logistic",
        "eval_metric": "auc",
        "n_estimators": 457,
        "learning_rate": 0.14092385124497828,
        "max_depth": 7,
        "reg_alpha": 9.324905986732583,
        "reg_lambda": 4.891977560923566,
        "tree_method": "hist",
        "random_state": 42,
        "verbosity": 0,
        "n_jobs": -1
    },
    "confusion_matrix": {
        "True_Positives": 3824,
        "False_Positives": 176,
        "True_Negatives": 3793,
        "False_Negatives": 166
    },
    "feature_importances_gain": {
        "": 0.007214444689452648,
        "runtimeMinutes": 0.0157695934176445,
        "numVotes": 0.005199373234063387,
        "startYear": 0.02549559436738491,
        "endYear": 0.0,
        "tmdb_popularity": 0.028629807755351067,
        "tmdb_vote_average": 0.7900726795196533,
        "tmdb_budget": 0.014845752157270908,
        "tmdb_revenue": 0.020882073789834976,
        "tmdb_primary_genre": 0.03532974794507027,
        "tmdb_production_company": 0.01413298025727272,
        "tmdb_success": 0.0,
        "tmdb_primary_genre_encoded": 0.011676584370434284,
        "director_avg_centrality": 0.003489993279799819,
        "director_count": 0.003367206547409296,
        "writer_avg_centrality": 0.009779269807040691,
        "writer_count": 0.002717354102060199,
        "writer_writer_max_collab_weight": 0.004046210087835789,
        "writer_director_max_collab_weight": 0.007351426407694817
    }
}