{
    "metrics": {
        "roc_auc": 0.9906318769965984,
        "accuracy": 0.9591657243372282,
        "precision": 0.9575530586766542,
        "sensitivity": 0.9611528822055138,
        "specificity": 0.9571680524061477
    },
    "hyperparameters": {
        "objective": "binary:logistic",
        "eval_metric": "auc",
        "n_estimators": 339,
        "learning_rate": 0.07765604679525545,
        "max_depth": 3,
        "reg_alpha": 6.242377531771476,
        "reg_lambda": 23.128968426723503,
        "tree_method": "hist",
        "random_state": 42,
        "verbosity": 0,
        "n_jobs": -1
    },
    "confusion_matrix": {
        "True_Positives": 3835,
        "False_Positives": 170,
        "True_Negatives": 3799,
        "False_Negatives": 155
    },
    "feature_importances_gain": {
        "": 0.0,
        "runtimeMinutes": 0.01208594348281622,
        "numVotes": 0.008330308832228184,
        "startYear": 0.030359994620084763,
        "endYear": 0.0,
        "tmdb_popularity": 0.03702366724610329,
        "tmdb_vote_average": 0.7295862436294556,
        "tmdb_budget": 0.02210867777466774,
        "tmdb_revenue": 0.012279351241886616,
        "tmdb_primary_genre": 0.04660896584391594,
        "tmdb_original_language": 0.011615391820669174,
        "tmdb_origin_country": 0.04522847756743431,
        "tmdb_production_company": 0.006254758685827255,
        "budget_revenue_ratio": 0.001589305466040969,
        "votes_x_popularity": 0.0050143105909228325,
        "director_avg_centrality": 0.0019349667709320784,
        "director_count": 0.008046364411711693,
        "writer_avg_centrality": 0.010700168088078499,
        "writer_count": 0.0,
        "writer_writer_max_collab_weight": 0.0029023117385804653,
        "writer_director_max_collab_weight": 0.00833087507635355
    }
}