{
    "metrics": {
        "roc_auc": 0.9631271236968388,
        "accuracy": 0.9345147679324894,
        "precision": 0.9461102106969206,
        "sensitivity": 0.9015444015444015,
        "specificity": 0.960119940029985
    },
    "hyperparameters": {
        "objective": "binary:logistic",
        "eval_metric": "auc",
        "n_estimators": 98,
        "learning_rate": 0.01500021011522482,
        "max_depth": 8,
        "reg_alpha": 6.847126376597977,
        "reg_lambda": 9.363055732379753,
        "tree_method": "hist",
        "random_state": 42,
        "verbosity": 0,
        "n_jobs": -1
    },
    "confusion_matrix": {
        "True_Positives": 2335,
        "False_Positives": 133,
        "True_Negatives": 3202,
        "False_Negatives": 255
    },
    "feature_importances_gain": {
        "runtimeMinutes": 0.004140706267207861,
        "numVotes": 0.0019720459822565317,
        "startYear": 0.01698632724583149,
        "endYear": 0.0,
        "director_avg_centrality": 0.002764702308923006,
        "director_count": 0.00024199712788686156,
        "writer_avg_centrality": 0.018513739109039307,
        "writer_count": 0.0007502891821786761,
        "writer_writer_max_collab_weight": 0.0,
        "writer_director_max_collab_weight": 7.271548383869231e-05,
        "tmdb_popularity": 0.015923334285616875,
        "tmdb_vote_average": 0.8991936445236206,
        "tmdb_budget": 0.0036294281017035246,
        "tmdb_revenue": 0.009778453037142754,
        "tmdb_primary_genre": 0.010397850535809994,
        "tmdb_production_company": 0.0022063341457396746,
        "tmdb_success": 0.0,
        "tmdb_primary_genre_svd_0": 0.00023115533986128867,
        "tmdb_primary_genre_svd_1": 0.001143893226981163,
        "tmdb_primary_genre_svd_2": 0.004263463895767927,
        "tmdb_primary_genre_svd_3": 0.0047875260934233665,
        "tmdb_primary_genre_svd_4": 0.003002441953867674
    }
}