{
    "metrics": {
        "roc_auc": 0.9867525642021404,
        "accuracy": 0.9507475813544415,
        "precision": 0.9502002002002002,
        "sensitivity": 0.9516290726817043,
        "specificity": 0.9498614260519023
    },
    "hyperparameters": {
        "objective": "binary:logistic",
        "eval_metric": "auc",
        "n_estimators": 74,
        "learning_rate": 0.0701178860700772,
        "max_depth": 9,
        "reg_alpha": 30.377657342569172,
        "reg_lambda": 0.3890822708178243,
        "tree_method": "hist",
        "random_state": 42,
        "verbosity": 0,
        "n_jobs": -1
    },
    "confusion_matrix": {
        "True_Positives": 3797,
        "False_Positives": 199,
        "True_Negatives": 3770,
        "False_Negatives": 193
    },
    "feature_importances_gain": {
        "": 0.003122676396742463,
        "runtimeMinutes": 0.009839143604040146,
        "numVotes": 0.003684824099764228,
        "startYear": 0.02791590802371502,
        "endYear": 0.0,
        "tmdb_popularity": 0.022923069074749947,
        "tmdb_vote_average": 0.8188624382019043,
        "tmdb_budget": 0.0029029264114797115,
        "tmdb_revenue": 0.028082124888896942,
        "tmdb_primary_genre": 0.04710226505994797,
        "tmdb_original_language": 0.003190018003806472,
        "tmdb_origin_country": 0.01340476144105196,
        "tmdb_production_company": 0.0012808524770662189,
        "budget_revenue_ratio": 0.00394499721005559,
        "votes_x_popularity": 0.00328980409540236,
        "director_avg_centrality": 0.0008817040943540633,
        "director_count": 0.002291313139721751,
        "writer_avg_centrality": 0.004693490453064442,
        "writer_count": 4.2697474782471545e-06,
        "writer_writer_max_collab_weight": 0.0007120417430996895,
        "writer_director_max_collab_weight": 0.0018714223988354206
    }
}