{
    "metrics": {
        "roc_auc": 0.9899919551966335,
        "accuracy": 0.958411860786531,
        "precision": 0.9577182887165374,
        "sensitivity": 0.9593984962406015,
        "specificity": 0.9574200050390527
    },
    "hyperparameters": {
        "objective": "binary:logistic",
        "eval_metric": "auc",
        "n_estimators": 328,
        "learning_rate": 0.031765104853695054,
        "max_depth": 6,
        "reg_alpha": 6.018125503425465,
        "reg_lambda": 1.6403019161699095,
        "tree_method": "hist",
        "random_state": 42,
        "verbosity": 0,
        "n_jobs": -1
    },
    "confusion_matrix": {
        "True_Positives": 3828,
        "False_Positives": 169,
        "True_Negatives": 3800,
        "False_Negatives": 162
    },
    "feature_importances_gain": {
        "": 0.007237269077450037,
        "runtimeMinutes": 0.013170151971280575,
        "numVotes": 0.005886330269277096,
        "startYear": 0.02328713983297348,
        "endYear": 0.0,
        "tmdb_popularity": 0.028275450691580772,
        "tmdb_vote_average": 0.7765383124351501,
        "tmdb_budget": 0.014989123679697514,
        "tmdb_revenue": 0.02321595326066017,
        "tmdb_primary_genre": 0.032702311873435974,
        "tmdb_original_language": 0.008267092518508434,
        "tmdb_origin_country": 0.03410479053854942,
        "tmdb_production_company": 0.001147000351920724,
        "director_avg_centrality": 0.004481409676373005,
        "director_count": 0.0013707038015127182,
        "writer_avg_centrality": 0.011409081518650055,
        "writer_count": 0.002150067128241062,
        "writer_writer_max_collab_weight": 0.004508955404162407,
        "writer_director_max_collab_weight": 0.0072588627226650715
    }
}