{
    "metrics": {
        "roc_auc": 0.9914749711264809,
        "accuracy": 0.9623068224651338,
        "precision": 0.9575892857142857,
        "sensitivity": 0.9676691729323308,
        "specificity": 0.9569160997732427
    },
    "hyperparameters": {
        "objective": "binary:logistic",
        "eval_metric": "auc",
        "n_estimators": 433,
        "learning_rate": 0.24676136667797066,
        "max_depth": 7,
        "reg_alpha": 0.5465047643495566,
        "reg_lambda": 39.626140862835584,
        "tree_method": "hist",
        "random_state": 42,
        "verbosity": 0,
        "n_jobs": -1
    },
    "confusion_matrix": {
        "True_Positives": 3861,
        "False_Positives": 171,
        "True_Negatives": 3798,
        "False_Negatives": 129
    },
    "feature_importances_gain": {
        "": 0.01032685674726963,
        "runtimeMinutes": 0.014302713796496391,
        "numVotes": 0.008190909400582314,
        "startYear": 0.04191441088914871,
        "endYear": 0.0,
        "tmdb_popularity": 0.022576577961444855,
        "tmdb_vote_average": 0.6171768307685852,
        "tmdb_budget": 0.015245327726006508,
        "tmdb_revenue": 0.02529420144855976,
        "tmdb_primary_genre": 0.06674310564994812,
        "tmdb_original_language": 0.06033913046121597,
        "tmdb_origin_country": 0.050204187631607056,
        "tmdb_production_company": 0.010558173060417175,
        "budget_revenue_ratio": 0.008372933603823185,
        "votes_x_popularity": 0.00803342368453741,
        "director_avg_centrality": 0.005370550788938999,
        "director_count": 0.007802096661180258,
        "writer_avg_centrality": 0.00836046040058136,
        "writer_count": 0.005898154806345701,
        "writer_writer_max_collab_weight": 0.005710160825401545,
        "writer_director_max_collab_weight": 0.0075797513127326965
    }
}