{
    "metrics": {
        "roc_auc": 0.98683878138151,
        "accuracy": 0.9515611814345991,
        "precision": 0.9413568417018015,
        "sensitivity": 0.9482625482625483,
        "specificity": 0.9541229385307346
    },
    "hyperparameters": {
        "objective": "binary:logistic",
        "eval_metric": "auc",
        "n_estimators": 392,
        "learning_rate": 0.04305351341784679,
        "max_depth": 3,
        "reg_alpha": 0.04573201407507055,
        "reg_lambda": 9.060510229351076,
        "tree_method": "hist",
        "random_state": 42,
        "verbosity": 0,
        "n_jobs": -1
    },
    "confusion_matrix": {
        "True_Positives": 2456,
        "False_Positives": 153,
        "True_Negatives": 3182,
        "False_Negatives": 134
    },
    "feature_importances_gain": {
        "runtimeMinutes": 0.026253966614603996,
        "numVotes": 0.01288512907922268,
        "startYear": 0.046948354691267014,
        "endYear": 0.0,
        "director_avg_centrality": 0.00999868381768465,
        "director_count": 0.0,
        "writer_avg_centrality": 0.02243979275226593,
        "writer_count": 0.004191383719444275,
        "writer_writer_max_collab_weight": 0.008195878006517887,
        "writer_director_max_collab_weight": 0.017915816977620125,
        "tmdb_popularity": 0.03668931499123573,
        "tmdb_vote_average": 0.6414050459861755,
        "tmdb_budget": 0.025478729978203773,
        "tmdb_revenue": 0.012584328651428223,
        "tmdb_primary_genre": 0.05224054306745529,
        "tmdb_production_company": 0.023541053757071495,
        "tmdb_success": 0.0,
        "tmdb_primary_genre_svd_0": 0.016496386379003525,
        "tmdb_primary_genre_svd_1": 0.009979965165257454,
        "tmdb_primary_genre_svd_2": 0.010519036091864109,
        "tmdb_primary_genre_svd_3": 0.0016004032222554088,
        "tmdb_primary_genre_svd_4": 0.02063611149787903
    }
}