{
    "metrics": {
        "roc_auc": 0.9721474590889883,
        "accuracy": 0.9427848101265823,
        "precision": 0.9432847577786531,
        "sensitivity": 0.9247104247104247,
        "specificity": 0.9568215892053973
    },
    "hyperparameters": {
        "objective": "binary:logistic",
        "eval_metric": "auc",
        "n_estimators": 208,
        "learning_rate": 0.015035968463528232,
        "max_depth": 6,
        "reg_alpha": 8.498771937626625,
        "reg_lambda": 2.8808211549153597,
        "tree_method": "hist",
        "random_state": 42,
        "verbosity": 0,
        "n_jobs": -1
    },
    "confusion_matrix": {
        "True_Positives": 2395,
        "False_Positives": 144,
        "True_Negatives": 3191,
        "False_Negatives": 195
    },
    "feature_importances_gain": {
        "runtimeMinutes": 0.013255597092211246,
        "numVotes": 0.006946275010704994,
        "startYear": 0.030128581449389458,
        "endYear": 0.0,
        "director_avg_centrality": 0.00607357919216156,
        "director_count": 0.0004388608504086733,
        "writer_avg_centrality": 0.02455415390431881,
        "writer_count": 0.006545540411025286,
        "writer_writer_max_collab_weight": 0.0,
        "writer_director_max_collab_weight": 0.0020854950416833162,
        "tmdb_popularity": 0.021828098222613335,
        "tmdb_vote_average": 0.7945215702056885,
        "tmdb_budget": 0.006986933294683695,
        "tmdb_revenue": 0.008744635619223118,
        "tmdb_primary_genre": 0.02692224085330963,
        "tmdb_production_company": 0.004285715986043215,
        "tmdb_success": 0.0,
        "tmdb_primary_genre_svd_0": 0.0019137304043397307,
        "tmdb_primary_genre_svd_1": 0.014123407192528248,
        "tmdb_primary_genre_svd_2": 0.006438765209168196,
        "tmdb_primary_genre_svd_3": 0.011185314506292343,
        "tmdb_primary_genre_svd_4": 0.013021589256823063
    }
}