{
    "metrics": {
        "roc_auc": 0.9897820893882475,
        "accuracy": 0.9577836411609498,
        "precision": 0.9565217391304348,
        "sensitivity": 0.9593984962406015,
        "specificity": 0.9561602418745276
    },
    "hyperparameters": {
        "objective": "binary:logistic",
        "eval_metric": "auc",
        "n_estimators": 499,
        "learning_rate": 0.08189184835347418,
        "max_depth": 5,
        "reg_alpha": 12.410271204554707,
        "reg_lambda": 14.270538814816618,
        "tree_method": "hist",
        "random_state": 42,
        "verbosity": 0,
        "n_jobs": -1
    },
    "confusion_matrix": {
        "True_Positives": 3828,
        "False_Positives": 174,
        "True_Negatives": 3795,
        "False_Negatives": 162
    },
    "feature_importances_gain": {
        "": 0.0054163383319973946,
        "runtimeMinutes": 0.013077550567686558,
        "numVotes": 0.006496887654066086,
        "startYear": 0.024761918932199478,
        "endYear": 0.0,
        "tmdb_popularity": 0.034510862082242966,
        "tmdb_vote_average": 0.7590413689613342,
        "tmdb_budget": 0.010241655632853508,
        "tmdb_revenue": 0.023664476349949837,
        "tmdb_primary_genre": 0.050102878361940384,
        "tmdb_original_language": 0.007812858559191227,
        "tmdb_origin_country": 0.028007149696350098,
        "tmdb_production_company": 0.00340410228818655,
        "budget_revenue_ratio": 0.004187833983451128,
        "votes_x_popularity": 0.004037771373987198,
        "director_avg_centrality": 0.003696619300171733,
        "director_count": 0.0023546204902231693,
        "writer_avg_centrality": 0.007027084473520517,
        "writer_count": 0.004561872687190771,
        "writer_writer_max_collab_weight": 0.002647376386448741,
        "writer_director_max_collab_weight": 0.004948862362653017
    }
}