{
    "metrics": {
        "roc_auc": 0.9854710788056056,
        "accuracy": 0.9455961804246764,
        "precision": 0.9449587190392794,
        "sensitivity": 0.9466165413533835,
        "specificity": 0.9445704207608969
    },
    "hyperparameters": {
        "objective": "binary:logistic",
        "eval_metric": "auc",
        "n_estimators": 418,
        "learning_rate": 0.2981006299998274,
        "max_depth": 5,
        "reg_alpha": 0.19858115618829064,
        "reg_lambda": 29.50387504624282,
        "tree_method": "hist",
        "random_state": 42,
        "verbosity": 0,
        "n_jobs": -1
    },
    "confusion_matrix": {
        "True_Positives": 3777,
        "False_Positives": 220,
        "True_Negatives": 3749,
        "False_Negatives": 213
    },
    "feature_importances_gain": {
        "": 0.0,
        "runtimeMinutes": 0.021868960931897163,
        "numVotes": 0.010953372344374657,
        "startYear": 0.04444346949458122,
        "endYear": 0.0,
        "tmdb_popularity": 0.03539656847715378,
        "tmdb_vote_average": 0.6097599267959595,
        "tmdb_budget": 0.015159312635660172,
        "tmdb_revenue": 0.019677599892020226,
        "tmdb_primary_genre": 0.04664014279842377,
        "tmdb_original_language": 0.0706011950969696,
        "tmdb_origin_country": 0.02725285477936268,
        "tmdb_production_company": 0.009794673882424831,
        "budget_revenue_ratio": 0.02544424682855606,
        "votes_x_popularity": 0.007916133850812912,
        "director_avg_centrality": 0.007057245820760727,
        "director_count": 0.008425681851804256,
        "writer_avg_centrality": 0.01579921506345272,
        "writer_count": 0.008127891458570957,
        "writer_writer_max_collab_weight": 0.007392227184027433,
        "writer_director_max_collab_weight": 0.008289278484880924
    }
}