{
    "metrics": {
        "roc_auc": 0.9761544460413224,
        "accuracy": 0.9442875078468299,
        "precision": 0.9452876809036357,
        "sensitivity": 0.9305072967338429,
        "specificity": 0.955638236977676
    },
    "hyperparameters": {
        "objective": "binary:logistic",
        "eval_metric": "auc",
        "n_estimators": 431,
        "learning_rate": 0.026296128723663388,
        "max_depth": 8,
        "reg_alpha": 7.256443230529693,
        "reg_lambda": 8.131170224448145,
        "tree_method": "hist",
        "random_state": 42,
        "verbosity": 0,
        "n_jobs": -1
    },
    "confusion_matrix": {
        "True_Positives": 2678,
        "False_Positives": 155,
        "True_Negatives": 3339,
        "False_Negatives": 200
    },
    "feature_importances_gain": {
        "runtimeMinutes": 0.012719755060970783,
        "numVotes": 0.007927985861897469,
        "startYear": 0.02493325062096119,
        "endYear": 0.0,
        "director_avg_centrality": 0.0007950188009999692,
        "director_count": 0.005208930466324091,
        "writer_avg_centrality": 0.01208245474845171,
        "writer_count": 0.0030410063918679953,
        "writer_writer_max_collab_weight": 0.008536186069250107,
        "writer_director_max_collab_weight": 0.0025773795787245035,
        "tmdb_popularity": 0.03537905961275101,
        "tmdb_vote_average": 0.7033587694168091,
        "tmdb_budget": 0.0075609032064676285,
        "tmdb_revenue": 0.03463008999824524,
        "tmdb_primary_genre": 0.04559151455760002,
        "tmdb_production_company": 0.025896931067109108,
        "tmdb_success": 0.0,
        "tmdb_primary_genre_svd_0": 0.005990988574922085,
        "tmdb_primary_genre_svd_1": 0.023663988336920738,
        "tmdb_primary_genre_svd_2": 0.014279695227742195,
        "tmdb_primary_genre_svd_3": 0.007035030052065849,
        "tmdb_primary_genre_svd_4": 0.01879115030169487
    }
}