{
    "metrics": {
        "roc_auc": 0.9722386297198892,
        "accuracy": 0.9426160337552743,
        "precision": 0.9363847944142746,
        "sensitivity": 0.932046332046332,
        "specificity": 0.950824587706147
    },
    "hyperparameters": {
        "objective": "binary:logistic",
        "eval_metric": "auc",
        "n_estimators": 464,
        "learning_rate": 0.016505773844584983,
        "max_depth": 9,
        "reg_alpha": 1.8117974238291201,
        "reg_lambda": 4.237231126277379,
        "tree_method": "hist",
        "random_state": 42,
        "verbosity": 0,
        "n_jobs": -1
    },
    "confusion_matrix": {
        "True_Positives": 2414,
        "False_Positives": 164,
        "True_Negatives": 3171,
        "False_Negatives": 176
    },
    "feature_importances_gain": {
        "runtimeMinutes": 0.011463066563010216,
        "numVotes": 0.004377707373350859,
        "startYear": 0.017556140199303627,
        "endYear": 0.0,
        "director_avg_centrality": 0.006056252401322126,
        "director_count": 0.0015185545198619366,
        "writer_avg_centrality": 0.01837586797773838,
        "writer_count": 0.0031566619873046875,
        "writer_writer_max_collab_weight": 0.00818413682281971,
        "writer_director_max_collab_weight": 0.0044737220741808414,
        "tmdb_popularity": 0.023457100614905357,
        "tmdb_vote_average": 0.8094118237495422,
        "tmdb_budget": 0.008785281330347061,
        "tmdb_revenue": 0.011772291734814644,
        "tmdb_primary_genre": 0.02713094651699066,
        "tmdb_production_company": 0.005899390205740929,
        "tmdb_success": 0.0,
        "tmdb_primary_genre_svd_0": 0.008465316146612167,
        "tmdb_primary_genre_svd_1": 0.006024065427482128,
        "tmdb_primary_genre_svd_2": 0.006445845123380423,
        "tmdb_primary_genre_svd_3": 0.005228086374700069,
        "tmdb_primary_genre_svd_4": 0.012217811308801174
    }
}