{
    "metrics": {
        "roc_auc": 0.9780698912814918,
        "accuracy": 0.9432089458474683,
        "precision": 0.9424712356178089,
        "sensitivity": 0.9443609022556391,
        "specificity": 0.9420508944318469
    },
    "hyperparameters": {
        "objective": "binary:logistic",
        "eval_metric": "auc",
        "n_estimators": 50,
        "learning_rate": 0.018172717899732987,
        "max_depth": 3,
        "reg_alpha": 5.2249881033418415,
        "reg_lambda": 6.706189297167365,
        "tree_method": "hist",
        "random_state": 42,
        "verbosity": 0,
        "n_jobs": -1
    },
    "confusion_matrix": {
        "True_Positives": 3768,
        "False_Positives": 230,
        "True_Negatives": 3739,
        "False_Negatives": 222
    },
    "feature_importances_gain": {
        "": 0.0,
        "runtimeMinutes": 0.0,
        "numVotes": 0.0,
        "startYear": 0.027123011648654938,
        "endYear": 0.0,
        "tmdb_popularity": 0.017219074070453644,
        "tmdb_vote_average": 0.8617960214614868,
        "tmdb_budget": 0.0,
        "tmdb_revenue": 0.0,
        "tmdb_primary_genre": 0.005519646219909191,
        "tmdb_original_language": 0.053209088742733,
        "tmdb_origin_country": 0.032401300966739655,
        "tmdb_production_company": 0.0,
        "tmdb_success": 0.0,
        "director_avg_centrality": 0.0,
        "director_count": 0.0027318939100950956,
        "writer_avg_centrality": 0.0,
        "writer_count": 0.0,
        "writer_writer_max_collab_weight": 0.0,
        "writer_director_max_collab_weight": 0.0
    }
}