{
    "metrics": {
        "roc_auc": 0.9878346541015206,
        "accuracy": 0.9535864978902954,
        "precision": 0.9467387109224238,
        "sensitivity": 0.9471042471042471,
        "specificity": 0.9586206896551724
    },
    "hyperparameters": {
        "objective": "binary:logistic",
        "eval_metric": "auc",
        "n_estimators": 257,
        "learning_rate": 0.0835796820802003,
        "max_depth": 10,
        "reg_alpha": 4.647640952513359,
        "reg_lambda": 8.259169815469896,
        "tree_method": "hist",
        "random_state": 42,
        "verbosity": 0,
        "n_jobs": -1
    },
    "confusion_matrix": {
        "True_Positives": 2453,
        "False_Positives": 138,
        "True_Negatives": 3197,
        "False_Negatives": 137
    },
    "feature_importances_gain": {
        "runtimeMinutes": 0.01411386951804161,
        "numVotes": 0.009836108423769474,
        "startYear": 0.03076513111591339,
        "endYear": 0.0,
        "director_avg_centrality": 0.007093103602528572,
        "director_count": 0.004686967469751835,
        "writer_avg_centrality": 0.023649048060178757,
        "writer_count": 0.005156234838068485,
        "writer_writer_max_collab_weight": 0.006718119140714407,
        "writer_director_max_collab_weight": 0.005252754781395197,
        "tmdb_popularity": 0.029950769618153572,
        "tmdb_vote_average": 0.722444474697113,
        "tmdb_budget": 0.01310840155929327,
        "tmdb_revenue": 0.016439447179436684,
        "tmdb_primary_genre": 0.051482316106557846,
        "tmdb_production_company": 0.007930338382720947,
        "tmdb_success": 0.0,
        "tmdb_primary_genre_svd_0": 0.005689642857760191,
        "tmdb_primary_genre_svd_1": 0.006703151389956474,
        "tmdb_primary_genre_svd_2": 0.010882971808314323,
        "tmdb_primary_genre_svd_3": 0.00584389315918088,
        "tmdb_primary_genre_svd_4": 0.022253263741731644
    }
}