{
    "metrics": {
        "roc_auc": 0.9888925540179473,
        "accuracy": 0.9526051475204017,
        "precision": 0.946911866759195,
        "sensitivity": 0.948227936066713,
        "specificity": 0.9562106468231254
    },
    "hyperparameters": {
        "objective": "binary:logistic",
        "eval_metric": "auc",
        "n_estimators": 494,
        "learning_rate": 0.07536673491966989,
        "max_depth": 4,
        "reg_alpha": 6.142139555285013,
        "reg_lambda": 5.817711570826022,
        "tree_method": "hist",
        "random_state": 42,
        "verbosity": 0,
        "n_jobs": -1
    },
    "confusion_matrix": {
        "True_Positives": 2729,
        "False_Positives": 153,
        "True_Negatives": 3341,
        "False_Negatives": 149
    },
    "feature_importances_gain": {
        "runtimeMinutes": 0.020295938476920128,
        "numVotes": 0.010827353224158287,
        "startYear": 0.029537636786699295,
        "endYear": 0.0,
        "director_avg_centrality": 0.00459545012563467,
        "director_count": 0.006833977531641722,
        "writer_avg_centrality": 0.01830352656543255,
        "writer_count": 0.0030349164735525846,
        "writer_writer_max_collab_weight": 0.008192500099539757,
        "writer_director_max_collab_weight": 0.0016187526052817702,
        "tmdb_popularity": 0.040704403072595596,
        "tmdb_vote_average": 0.6376104950904846,
        "tmdb_budget": 0.011621396988630295,
        "tmdb_revenue": 0.03777541592717171,
        "tmdb_primary_genre": 0.06457042694091797,
        "tmdb_production_company": 0.026182100176811218,
        "tmdb_success": 0.0,
        "tmdb_primary_genre_svd_0": 0.010913494043052197,
        "tmdb_primary_genre_svd_1": 0.017262965440750122,
        "tmdb_primary_genre_svd_2": 0.023495933040976524,
        "tmdb_primary_genre_svd_3": 0.005552889313548803,
        "tmdb_primary_genre_svd_4": 0.021070504561066628
    }
}