{
    "metrics": {
        "roc_auc": 0.9756531111845494,
        "accuracy": 0.944,
        "precision": 0.9375216938562999,
        "sensitivity": 0.938498957609451,
        "specificity": 0.9485273091221047
    },
    "hyperparameters": {
        "objective": "binary:logistic",
        "eval_metric": "auc",
        "n_estimators": 119,
        "learning_rate": 0.01011543438627534,
        "max_depth": 6,
        "reg_alpha": 1.9183179714674115,
        "reg_lambda": 3.2798871764072866,
        "tree_method": "hist",
        "random_state": 42,
        "verbosity": 0,
        "n_jobs": -1
    },
    "confusion_matrix": {
        "True_Positives": 2701,
        "False_Positives": 180,
        "True_Negatives": 3317,
        "False_Negatives": 177
    }
}