{
    "metrics": {
        "roc_auc": 0.9896572812732259,
        "accuracy": 0.9576579972358337,
        "precision": 0.9565108722819295,
        "sensitivity": 0.9591478696741854,
        "specificity": 0.9561602418745276
    },
    "hyperparameters": {
        "objective": "binary:logistic",
        "eval_metric": "auc",
        "n_estimators": 272,
        "learning_rate": 0.15483381841806887,
        "max_depth": 6,
        "reg_alpha": 14.048439801766444,
        "reg_lambda": 27.910895596759772,
        "tree_method": "hist",
        "random_state": 42,
        "verbosity": 0,
        "n_jobs": -1
    },
    "confusion_matrix": {
        "True_Positives": 3827,
        "False_Positives": 174,
        "True_Negatives": 3795,
        "False_Negatives": 163
    },
    "feature_importances_gain": {
        "": 0.005196691490709782,
        "runtimeMinutes": 0.011873973533511162,
        "numVotes": 0.006000338587909937,
        "startYear": 0.025309912860393524,
        "endYear": 0.0,
        "tmdb_popularity": 0.02913295105099678,
        "tmdb_vote_average": 0.7733706831932068,
        "tmdb_budget": 0.008621014654636383,
        "tmdb_revenue": 0.019468732178211212,
        "tmdb_primary_genre": 0.04813538119196892,
        "tmdb_original_language": 0.005641589406877756,
        "tmdb_origin_country": 0.033995117992162704,
        "tmdb_production_company": 0.0030213736463338137,
        "budget_revenue_ratio": 0.0045072841458022594,
        "votes_x_popularity": 0.0031033747363835573,
        "director_avg_centrality": 0.0012878027046099305,
        "director_count": 0.0036422472912818193,
        "writer_avg_centrality": 0.0066384063102304935,
        "writer_count": 0.00406096875667572,
        "writer_writer_max_collab_weight": 0.0033389751333743334,
        "writer_director_max_collab_weight": 0.0036531758960336447
    }
}