{
    "metrics": {
        "roc_auc": 0.9875485809218942,
        "accuracy": 0.9532489451476793,
        "precision": 0.9477351916376306,
        "sensitivity": 0.9451737451737452,
        "specificity": 0.95952023988006
    },
    "hyperparameters": {
        "objective": "binary:logistic",
        "eval_metric": "auc",
        "n_estimators": 438,
        "learning_rate": 0.05631635646429911,
        "max_depth": 8,
        "reg_alpha": 4.765042530446024,
        "reg_lambda": 5.356102905997631,
        "tree_method": "hist",
        "random_state": 42,
        "verbosity": 0,
        "n_jobs": -1
    },
    "confusion_matrix": {
        "True_Positives": 2448,
        "False_Positives": 135,
        "True_Negatives": 3200,
        "False_Negatives": 142
    },
    "feature_importances_gain": {
        "runtimeMinutes": 0.014707819558680058,
        "numVotes": 0.010146735236048698,
        "startYear": 0.030801991000771523,
        "endYear": 0.0,
        "director_avg_centrality": 0.008342321962118149,
        "director_count": 0.004788328427821398,
        "writer_avg_centrality": 0.019641201943159103,
        "writer_count": 0.005668044555932283,
        "writer_writer_max_collab_weight": 0.007742231711745262,
        "writer_director_max_collab_weight": 0.005458048544824123,
        "tmdb_popularity": 0.030774176120758057,
        "tmdb_vote_average": 0.7244508862495422,
        "tmdb_budget": 0.0122988848015666,
        "tmdb_revenue": 0.017570026218891144,
        "tmdb_primary_genre": 0.04789998382329941,
        "tmdb_production_company": 0.007958197966217995,
        "tmdb_success": 0.0,
        "tmdb_primary_genre_svd_0": 0.005166586488485336,
        "tmdb_primary_genre_svd_1": 0.007220838218927383,
        "tmdb_primary_genre_svd_2": 0.010218837298452854,
        "tmdb_primary_genre_svd_3": 0.008277841843664646,
        "tmdb_primary_genre_svd_4": 0.02086707204580307
    }
}