{
    "metrics": {
        "roc_auc": 0.9852131077318483,
        "accuracy": 0.9507172995780591,
        "precision": 0.9456943366951125,
        "sensitivity": 0.9413127413127413,
        "specificity": 0.9580209895052474
    },
    "hyperparameters": {
        "objective": "binary:logistic",
        "eval_metric": "auc",
        "n_estimators": 355,
        "learning_rate": 0.02659945925949479,
        "max_depth": 8,
        "reg_alpha": 7.989934562498862,
        "reg_lambda": 2.372691509305387,
        "tree_method": "hist",
        "random_state": 42,
        "verbosity": 0,
        "n_jobs": -1
    },
    "confusion_matrix": {
        "True_Positives": 2438,
        "False_Positives": 140,
        "True_Negatives": 3195,
        "False_Negatives": 152
    },
    "feature_importances_gain": {
        "runtimeMinutes": 0.013827942311763763,
        "numVotes": 0.008098616264760494,
        "startYear": 0.029787391424179077,
        "endYear": 0.0,
        "director_avg_centrality": 0.008219130337238312,
        "director_count": 0.002660050056874752,
        "writer_avg_centrality": 0.021400243043899536,
        "writer_count": 0.0058920071460306644,
        "writer_writer_max_collab_weight": 0.005966030992567539,
        "writer_director_max_collab_weight": 0.004796992056071758,
        "tmdb_popularity": 0.023645706474781036,
        "tmdb_vote_average": 0.7644719481468201,
        "tmdb_budget": 0.008618836291134357,
        "tmdb_revenue": 0.011815701611340046,
        "tmdb_primary_genre": 0.031027087941765785,
        "tmdb_production_company": 0.005329594947397709,
        "tmdb_success": 0.0,
        "tmdb_primary_genre_svd_0": 0.004256251733750105,
        "tmdb_primary_genre_svd_1": 0.01074441708624363,
        "tmdb_primary_genre_svd_2": 0.009069784544408321,
        "tmdb_primary_genre_svd_3": 0.013535344041883945,
        "tmdb_primary_genre_svd_4": 0.016836995258927345
    }
}