{
    "metrics": {
        "roc_auc": 0.9860449137140795,
        "accuracy": 0.9512400877340982,
        "precision": 0.9464285714285714,
        "sensitivity": 0.9416763229045964,
        "specificity": 0.9586578789694428
    },
    "hyperparameters": {
        "objective": "binary:logistic",
        "eval_metric": "auc",
        "n_estimators": 305,
        "learning_rate": 0.029394479152082806,
        "max_depth": 6,
        "reg_alpha": 2.0234162631852595,
        "reg_lambda": 2.663815358003262,
        "tree_method": "hist",
        "random_state": 42,
        "verbosity": 0,
        "n_jobs": -1
    },
    "confusion_matrix": {
        "True_Positives": 2438,
        "False_Positives": 138,
        "True_Negatives": 3200,
        "False_Negatives": 151
    },
    "feature_importances_gain": {
        "runtimeMinutes": 0.016482118517160416,
        "numVotes": 0.010526655241847038,
        "startYear": 0.032645609229803085,
        "endYear": 0.0,
        "director_avg_centrality": 0.01612660475075245,
        "director_max_centrality": 0.004995924420654774,
        "director_count": 0.011225015856325626,
        "writer_avg_centrality": 0.012045009061694145,
        "writer_max_centrality": 0.010445618070662022,
        "writer_count": 0.010909026488661766,
        "writer_writer_max_collab_weight": 0.008396564051508904,
        "writer_director_max_collab_weight": 0.009375989437103271,
        "tmdb_popularity": 0.030253596603870392,
        "tmdb_vote_average": 0.6562850475311279,
        "tmdb_budget": 0.020478056743741035,
        "tmdb_revenue": 0.016376487910747528,
        "tmdb_runtime": 0.0162575114518404,
        "tmdb_primary_genre": 0.050062146037817,
        "tmdb_production_company": 0.008374682627618313,
        "tmdb_success": 0.0,
        "tmdb_primary_genre_svd_0": 0.00890074111521244,
        "tmdb_primary_genre_svd_1": 0.016373632475733757,
        "tmdb_primary_genre_svd_2": 0.011315074749290943,
        "tmdb_primary_genre_svd_3": 0.005933408625423908,
        "tmdb_primary_genre_svd_4": 0.016215497627854347
    }
}