{
    "metrics": {
        "roc_auc": 0.9750956966633557,
        "accuracy": 0.9416195856873822,
        "precision": 0.9393408134642356,
        "sensitivity": 0.9308547602501738,
        "specificity": 0.9504865483686319
    },
    "hyperparameters": {
        "objective": "binary:logistic",
        "eval_metric": "auc",
        "n_estimators": 297,
        "learning_rate": 0.01626526001606898,
        "max_depth": 7,
        "reg_alpha": 1.3496817008853368,
        "reg_lambda": 7.911117413282974,
        "tree_method": "hist",
        "random_state": 42,
        "verbosity": 0,
        "n_jobs": -1
    },
    "confusion_matrix": {
        "True_Positives": 2679,
        "False_Positives": 173,
        "True_Negatives": 3321,
        "False_Negatives": 199
    },
    "feature_importances_gain": {
        "runtimeMinutes": 0.0037366810720413923,
        "numVotes": 0.0032917095813900232,
        "startYear": 0.010539100505411625,
        "endYear": 0.0,
        "director_avg_centrality": 0.004571136087179184,
        "director_count": 0.0,
        "writer_avg_centrality": 0.006967897526919842,
        "writer_count": 0.00251387944445014,
        "writer_writer_max_collab_weight": 0.001348168239928782,
        "writer_director_max_collab_weight": 0.0015392028726637363,
        "tmdb_popularity": 0.023530853912234306,
        "tmdb_vote_average": 0.8468993306159973,
        "tmdb_budget": 0.002447445411235094,
        "tmdb_revenue": 0.02204381674528122,
        "tmdb_primary_genre": 0.02293078787624836,
        "tmdb_production_company": 0.000867297116201371,
        "tmdb_success": 0.0,
        "tmdb_primary_genre_svd_0": 0.00124278012663126,
        "tmdb_primary_genre_svd_1": 0.01432556938380003,
        "tmdb_primary_genre_svd_2": 0.004076366312801838,
        "tmdb_primary_genre_svd_3": 0.01287113782018423,
        "tmdb_primary_genre_svd_4": 0.014256849884986877
    }
}