{
    "metrics": {
        "roc_auc": 0.9858589216806188,
        "accuracy": 0.9454705364995603,
        "precision": 0.9471830985915493,
        "sensitivity": 0.9438596491228071,
        "specificity": 0.9470899470899471
    },
    "hyperparameters": {
        "objective": "binary:logistic",
        "eval_metric": "auc",
        "n_estimators": 285,
        "learning_rate": 0.028025563457750785,
        "max_depth": 7,
        "reg_alpha": 8.445071918166796,
        "reg_lambda": 6.987155628971333,
        "tree_method": "hist",
        "random_state": 42,
        "verbosity": 0,
        "n_jobs": -1
    },
    "confusion_matrix": {
        "True_Positives": 3766,
        "False_Positives": 210,
        "True_Negatives": 3759,
        "False_Negatives": 224
    },
    "feature_importances_gain": {
        "": 0.0031000084709376097,
        "runtimeMinutes": 0.017715947702527046,
        "numVotes": 0.006572801154106855,
        "startYear": 0.02726813219487667,
        "endYear": 0.0,
        "tmdb_popularity": 0.026422318071126938,
        "tmdb_vote_average": 0.749294102191925,
        "tmdb_budget": 0.010606273077428341,
        "tmdb_revenue": 0.015691064298152924,
        "tmdb_primary_genre": 0.03864455595612526,
        "tmdb_original_language": 0.019557109102606773,
        "tmdb_origin_country": 0.028145713731646538,
        "tmdb_production_company": 0.003026215825229883,
        "budget_revenue_ratio": 0.011762398295104504,
        "votes_x_popularity": 0.007696884218603373,
        "director_avg_centrality": 0.003250155132263899,
        "director_count": 0.0035917905624955893,
        "writer_avg_centrality": 0.014856546185910702,
        "writer_count": 0.0030818157829344273,
        "writer_writer_max_collab_weight": 0.003925214055925608,
        "writer_director_max_collab_weight": 0.005790941417217255
    }
}