{
    "metrics": {
        "roc_auc": 0.9662428567560457,
        "accuracy": 0.8184579045048085,
        "precision": 0.9395700174317257,
        "sensitivity": 0.6245654692931634,
        "specificity": 0.9688436189334931
    },
    "hyperparameters": {
        "objective": "binary:logistic",
        "eval_metric": "auc",
        "n_estimators": 103,
        "learning_rate": 0.02252219604244551,
        "max_depth": 7,
        "reg_alpha": 2.8393508170257276,
        "reg_lambda": 0.6762692889538102,
        "tree_method": "hist",
        "random_state": 42,
        "verbosity": 0,
        "n_jobs": -1
    },
    "confusion_matrix": {
        "True_Positives": 1617,
        "False_Positives": 104,
        "True_Negatives": 3234,
        "False_Negatives": 972
    }
}