{
    "metrics": {
        "roc_auc": 0.9876917731330519,
        "accuracy": 0.9490196078431372,
        "precision": 0.9424610051993068,
        "sensitivity": 0.9447533009034051,
        "specificity": 0.9525307406348299
    },
    "hyperparameters": {
        "objective": "binary:logistic",
        "eval_metric": "auc",
        "n_estimators": 172,
        "learning_rate": 0.12423872644054974,
        "max_depth": 3,
        "reg_alpha": 8.8880594056997,
        "reg_lambda": 5.0165672723527175,
        "tree_method": "hist",
        "random_state": 42,
        "verbosity": 0,
        "n_jobs": -1
    },
    "confusion_matrix": {
        "True_Positives": 2719,
        "False_Positives": 166,
        "True_Negatives": 3331,
        "False_Negatives": 159
    },
    "feature_importances_gain": {
        "runtimeMinutes": 0.018375279381871223,
        "numVotes": 0.010260802693665028,
        "startYear": 0.043344829231500626,
        "endYear": 0.0,
        "director_avg_centrality": 0.0,
        "director_max_centrality": 0.0,
        "director_count": 0.0,
        "writer_avg_centrality": 0.03394794091582298,
        "writer_max_centrality": 0.019981859251856804,
        "writer_count": 0.0058577703312039375,
        "writer_writer_max_collab_weight": 0.007858319208025932,
        "writer_director_max_collab_weight": 0.0,
        "tmdb_popularity": 0.05066334083676338,
        "tmdb_vote_average": 0.6110777854919434,
        "tmdb_budget": 0.01592637039721012,
        "tmdb_revenue": 0.02427242323756218,
        "tmdb_runtime": 0.02114756964147091,
        "tmdb_primary_genre": 0.056510284543037415,
        "tmdb_production_company": 0.0013694410445168614,
        "tmdb_success": 0.0,
        "tmdb_primary_genre_svd_0": 0.0003862435696646571,
        "tmdb_primary_genre_svd_1": 0.02530496008694172,
        "tmdb_primary_genre_svd_2": 0.01562877930700779,
        "tmdb_primary_genre_svd_3": 0.019329246133565903,
        "tmdb_primary_genre_svd_4": 0.01875685714185238
    }
}