{
    "metrics": {
        "roc_auc": 0.9908940277122638,
        "accuracy": 0.9602965196632742,
        "precision": 0.9574203187250996,
        "sensitivity": 0.9636591478696742,
        "specificity": 0.9569160997732427
    },
    "hyperparameters": {
        "objective": "binary:logistic",
        "eval_metric": "auc",
        "n_estimators": 249,
        "learning_rate": 0.05568832445422694,
        "max_depth": 7,
        "reg_alpha": 0.9997197011236503,
        "reg_lambda": 0.3973426584049955,
        "tree_method": "hist",
        "random_state": 42,
        "verbosity": 0,
        "n_jobs": -1
    },
    "confusion_matrix": {
        "True_Positives": 3845,
        "False_Positives": 171,
        "True_Negatives": 3798,
        "False_Negatives": 145
    },
    "feature_importances_gain": {
        "": 0.0,
        "runtimeMinutes": 0.013693436980247498,
        "numVotes": 0.010301816277205944,
        "startYear": 0.033657655119895935,
        "endYear": 0.0,
        "tmdb_popularity": 0.03086763620376587,
        "tmdb_vote_average": 0.6547254323959351,
        "tmdb_budget": 0.02211380936205387,
        "tmdb_revenue": 0.028675764799118042,
        "tmdb_primary_genre": 0.042196568101644516,
        "tmdb_original_language": 0.05623345077037811,
        "tmdb_origin_country": 0.025008399039506912,
        "tmdb_production_company": 0.011922948993742466,
        "director_avg_centrality": 0.01366424560546875,
        "director_count": 0.00866412278264761,
        "writer_avg_centrality": 0.015095951966941357,
        "writer_count": 0.010734876617789268,
        "writer_writer_max_collab_weight": 0.011036001145839691,
        "writer_director_max_collab_weight": 0.011407815851271152
    }
}