{
    "metrics": {
        "roc_auc": 0.9914455766526419,
        "accuracy": 0.9629350420907149,
        "precision": 0.9596914655386912,
        "sensitivity": 0.9666666666666667,
        "specificity": 0.9591836734693877
    },
    "hyperparameters": {
        "objective": "binary:logistic",
        "eval_metric": "auc",
        "n_estimators": 307,
        "learning_rate": 0.18897431236278717,
        "max_depth": 6,
        "reg_alpha": 0.15990551855268098,
        "reg_lambda": 34.37095477103166,
        "tree_method": "hist",
        "random_state": 42,
        "verbosity": 0,
        "n_jobs": -1
    },
    "confusion_matrix": {
        "True_Positives": 3857,
        "False_Positives": 162,
        "True_Negatives": 3807,
        "False_Negatives": 133
    },
    "feature_importances_gain": {
        "": 0.01141359843313694,
        "runtimeMinutes": 0.013340246863663197,
        "numVotes": 0.009104587137699127,
        "startYear": 0.0446326844394207,
        "endYear": 0.0,
        "tmdb_popularity": 0.025008590891957283,
        "tmdb_vote_average": 0.6110614538192749,
        "tmdb_budget": 0.01661108434200287,
        "tmdb_revenue": 0.024029089137911797,
        "tmdb_primary_genre": 0.05963358283042908,
        "tmdb_original_language": 0.058752432465553284,
        "tmdb_origin_country": 0.04698343575000763,
        "tmdb_production_company": 0.011988182552158833,
        "budget_revenue_ratio": 0.00980188325047493,
        "votes_x_popularity": 0.010044697672128677,
        "director_avg_centrality": 0.008887401781976223,
        "director_count": 0.008876694366335869,
        "writer_avg_centrality": 0.008251670747995377,
        "writer_count": 0.00565648777410388,
        "writer_writer_max_collab_weight": 0.0072541446425020695,
        "writer_director_max_collab_weight": 0.00866797473281622
    }
}