{
    "metrics": {
        "roc_auc": 0.986101497129066,
        "accuracy": 0.9467269757507224,
        "precision": 0.9482151835093011,
        "sensitivity": 0.9453634085213033,
        "specificity": 0.9480977576215671
    },
    "hyperparameters": {
        "objective": "binary:logistic",
        "eval_metric": "auc",
        "n_estimators": 359,
        "learning_rate": 0.29640018002242235,
        "max_depth": 8,
        "reg_alpha": 4.281776856645576,
        "reg_lambda": 28.780262184062053,
        "tree_method": "hist",
        "random_state": 42,
        "verbosity": 0,
        "n_jobs": -1
    },
    "confusion_matrix": {
        "True_Positives": 3772,
        "False_Positives": 206,
        "True_Negatives": 3763,
        "False_Negatives": 218
    },
    "feature_importances_gain": {
        "": 0.00908855814486742,
        "runtimeMinutes": 0.018409576267004013,
        "numVotes": 0.00758355250582099,
        "startYear": 0.026867354288697243,
        "endYear": 0.0,
        "tmdb_popularity": 0.028079619631171227,
        "tmdb_vote_average": 0.6861879229545593,
        "tmdb_budget": 0.012550290673971176,
        "tmdb_revenue": 0.01925540529191494,
        "tmdb_primary_genre": 0.05398179218173027,
        "tmdb_original_language": 0.03385160490870476,
        "tmdb_origin_country": 0.019259873777627945,
        "tmdb_production_company": 0.006772390566766262,
        "budget_revenue_ratio": 0.019220110028982162,
        "votes_x_popularity": 0.0069041019305586815,
        "director_avg_centrality": 0.006743067409843206,
        "director_count": 0.008626971393823624,
        "writer_avg_centrality": 0.015974311158061028,
        "writer_count": 0.004772437736392021,
        "writer_writer_max_collab_weight": 0.0062954300083220005,
        "writer_director_max_collab_weight": 0.009575559757649899
    }
}