{
    "metrics": {
        "roc_auc": 0.9622009118779221,
        "accuracy": 0.9325172630257376,
        "precision": 0.9409221902017291,
        "sensitivity": 0.9075747046560111,
        "specificity": 0.953062392673154
    },
    "hyperparameters": {
        "objective": "binary:logistic",
        "eval_metric": "auc",
        "n_estimators": 369,
        "learning_rate": 0.014984429569672568,
        "max_depth": 4,
        "reg_alpha": 8.498142907118437,
        "reg_lambda": 6.212443930506031,
        "tree_method": "hist",
        "random_state": 42,
        "verbosity": 0,
        "n_jobs": -1
    },
    "confusion_matrix": {
        "True_Positives": 2612,
        "False_Positives": 164,
        "True_Negatives": 3330,
        "False_Negatives": 266
    },
    "feature_importances_gain": {
        "runtimeMinutes": 0.0041025313548743725,
        "numVotes": 0.0,
        "startYear": 0.00719241751357913,
        "endYear": 0.0,
        "director_avg_centrality": 0.0,
        "director_count": 0.0,
        "writer_avg_centrality": 0.02814074046909809,
        "writer_count": 0.0,
        "writer_writer_max_collab_weight": 0.0,
        "writer_director_max_collab_weight": 0.0,
        "tmdb_popularity": 0.017418773844838142,
        "tmdb_vote_average": 0.9086767435073853,
        "tmdb_budget": 0.0,
        "tmdb_revenue": 0.0028183679096400738,
        "tmdb_primary_genre": 0.0,
        "tmdb_production_company": 0.0,
        "tmdb_success": 0.0,
        "tmdb_primary_genre_svd_0": 0.0008830465958453715,
        "tmdb_primary_genre_svd_1": 0.006100052036345005,
        "tmdb_primary_genre_svd_2": 0.016360634937882423,
        "tmdb_primary_genre_svd_3": 0.0,
        "tmdb_primary_genre_svd_4": 0.008306565694510937
    }
}