{
    "metrics": {
        "roc_auc": 0.9900862637824088,
        "accuracy": 0.9591657243372282,
        "precision": 0.9575530586766542,
        "sensitivity": 0.9611528822055138,
        "specificity": 0.9571680524061477
    },
    "hyperparameters": {
        "objective": "binary:logistic",
        "eval_metric": "auc",
        "n_estimators": 481,
        "learning_rate": 0.15170536551123392,
        "max_depth": 7,
        "reg_alpha": 9.448452600520937,
        "reg_lambda": 1.3508887935952163,
        "tree_method": "hist",
        "random_state": 42,
        "verbosity": 0,
        "n_jobs": -1
    },
    "confusion_matrix": {
        "True_Positives": 3835,
        "False_Positives": 170,
        "True_Negatives": 3799,
        "False_Negatives": 155
    },
    "feature_importances_gain": {
        "": 0.007537735626101494,
        "runtimeMinutes": 0.015399940311908722,
        "numVotes": 0.007390844170004129,
        "startYear": 0.023912779986858368,
        "endYear": 0.0,
        "tmdb_popularity": 0.028524575755000114,
        "tmdb_vote_average": 0.7765117287635803,
        "tmdb_budget": 0.013427918776869774,
        "tmdb_revenue": 0.022552238777279854,
        "tmdb_primary_genre": 0.036355819553136826,
        "tmdb_original_language": 0.010007425211369991,
        "tmdb_origin_country": 0.022984113544225693,
        "tmdb_production_company": 0.0031902415212243795,
        "tmdb_success": 0.0,
        "director_avg_centrality": 0.003109745215624571,
        "director_count": 0.0030468092299997807,
        "writer_avg_centrality": 0.011418664827942848,
        "writer_count": 0.0038624475710093975,
        "writer_writer_max_collab_weight": 0.004124222323298454,
        "writer_director_max_collab_weight": 0.006642714608460665
    }
}