{
    "metrics": {
        "roc_auc": 0.9863186563031413,
        "accuracy": 0.9459731122000251,
        "precision": 0.9465629703963874,
        "sensitivity": 0.9456140350877194,
        "specificity": 0.9463340891912321
    },
    "hyperparameters": {
        "objective": "binary:logistic",
        "eval_metric": "auc",
        "n_estimators": 403,
        "learning_rate": 0.2940883186707144,
        "max_depth": 4,
        "reg_alpha": 5.6447732459601125,
        "reg_lambda": 38.55629057068582,
        "tree_method": "hist",
        "random_state": 42,
        "verbosity": 0,
        "n_jobs": -1
    },
    "confusion_matrix": {
        "True_Positives": 3773,
        "False_Positives": 213,
        "True_Negatives": 3756,
        "False_Negatives": 217
    },
    "feature_importances_gain": {
        "": 0.0,
        "runtimeMinutes": 0.022252846509218216,
        "numVotes": 0.009261546656489372,
        "startYear": 0.024569828063249588,
        "endYear": 0.0,
        "tmdb_popularity": 0.040102023631334305,
        "tmdb_vote_average": 0.6794818043708801,
        "tmdb_budget": 0.012023777700960636,
        "tmdb_revenue": 0.01353488676249981,
        "tmdb_primary_genre": 0.06296176463365555,
        "tmdb_original_language": 0.030827311798930168,
        "tmdb_origin_country": 0.03152776509523392,
        "tmdb_production_company": 0.008210867643356323,
        "budget_revenue_ratio": 0.017078928649425507,
        "votes_x_popularity": 0.005304747261106968,
        "director_avg_centrality": 0.005436807405203581,
        "director_count": 0.008672167547047138,
        "writer_avg_centrality": 0.01645326428115368,
        "writer_count": 0.002304693451151252,
        "writer_writer_max_collab_weight": 0.005270439200103283,
        "writer_director_max_collab_weight": 0.004724588710814714
    }
}