{
    "metrics": {
        "roc_auc": 0.9911922663802362,
        "accuracy": 0.9614273149893202,
        "precision": 0.958883628208323,
        "sensitivity": 0.9644110275689223,
        "specificity": 0.9584278155706727
    },
    "hyperparameters": {
        "objective": "binary:logistic",
        "eval_metric": "auc",
        "n_estimators": 86,
        "learning_rate": 0.16575839464244427,
        "max_depth": 10,
        "reg_alpha": 1.0000206480148428,
        "reg_lambda": 7.751866404369142,
        "tree_method": "hist",
        "random_state": 42,
        "verbosity": 0,
        "n_jobs": -1
    },
    "confusion_matrix": {
        "True_Positives": 3848,
        "False_Positives": 165,
        "True_Negatives": 3804,
        "False_Negatives": 142
    },
    "feature_importances_gain": {
        "": 0.0,
        "runtimeMinutes": 0.01249741856008768,
        "numVotes": 0.007861809805035591,
        "startYear": 0.03563618287444115,
        "endYear": 0.0,
        "tmdb_popularity": 0.026199502870440483,
        "tmdb_vote_average": 0.6709592342376709,
        "tmdb_budget": 0.021380707621574402,
        "tmdb_revenue": 0.026063622906804085,
        "tmdb_primary_genre": 0.05238018184900284,
        "tmdb_original_language": 0.04209190979599953,
        "tmdb_origin_country": 0.037274181842803955,
        "tmdb_production_company": 0.012164994142949581,
        "director_avg_centrality": 0.010089741088449955,
        "director_count": 0.01171500701457262,
        "writer_avg_centrality": 0.01037066150456667,
        "writer_count": 0.0070930165238678455,
        "writer_writer_max_collab_weight": 0.005843410734087229,
        "writer_director_max_collab_weight": 0.010378425940871239
    }
}