{
    "metrics": {
        "roc_auc": 0.9911467065244365,
        "accuracy": 0.9590400804121121,
        "precision": 0.956402590931739,
        "sensitivity": 0.962155388471178,
        "specificity": 0.9559082892416225
    },
    "hyperparameters": {
        "objective": "binary:logistic",
        "eval_metric": "auc",
        "n_estimators": 249,
        "learning_rate": 0.17990574404049914,
        "max_depth": 8,
        "reg_alpha": 5.347324264864179,
        "reg_lambda": 5.010287320603756,
        "tree_method": "hist",
        "random_state": 42,
        "verbosity": 0,
        "n_jobs": -1
    },
    "confusion_matrix": {
        "True_Positives": 3839,
        "False_Positives": 175,
        "True_Negatives": 3794,
        "False_Negatives": 151
    },
    "feature_importances_gain": {
        "": 0.0059568267315626144,
        "runtimeMinutes": 0.01069573126733303,
        "numVotes": 0.006532203406095505,
        "startYear": 0.024762894958257675,
        "endYear": 0.0,
        "tmdb_popularity": 0.0326957032084465,
        "tmdb_vote_average": 0.7623561024665833,
        "tmdb_budget": 0.016498398035764694,
        "tmdb_revenue": 0.02128719724714756,
        "tmdb_primary_genre": 0.03769293427467346,
        "tmdb_original_language": 0.011904871091246605,
        "tmdb_origin_country": 0.029294218868017197,
        "tmdb_production_company": 0.002732304623350501,
        "director_avg_centrality": 0.004803454037755728,
        "director_count": 0.005893059074878693,
        "writer_avg_centrality": 0.008449851535260677,
        "writer_count": 0.004942567553371191,
        "writer_writer_max_collab_weight": 0.0032348481472581625,
        "writer_director_max_collab_weight": 0.010266873054206371
    }
}