{
    "metrics": {
        "roc_auc": 0.9883345140860954,
        "accuracy": 0.95323289391086,
        "precision": 0.9479166666666666,
        "sensitivity": 0.9485753995830438,
        "specificity": 0.9570692615912993
    },
    "hyperparameters": {
        "objective": "binary:logistic",
        "eval_metric": "auc",
        "n_estimators": 84,
        "learning_rate": 0.17146036736008816,
        "max_depth": 9,
        "reg_alpha": 3.7367129265924506,
        "reg_lambda": 9.503406434964715,
        "tree_method": "hist",
        "random_state": 42,
        "verbosity": 0,
        "n_jobs": -1
    },
    "confusion_matrix": {
        "True_Positives": 2730,
        "False_Positives": 150,
        "True_Negatives": 3344,
        "False_Negatives": 148
    },
    "feature_importances_gain": {
        "runtimeMinutes": 0.015059559606015682,
        "numVotes": 0.009513587690889835,
        "startYear": 0.028407353907823563,
        "endYear": 0.0,
        "director_avg_centrality": 0.00455079460516572,
        "director_count": 0.007185252383351326,
        "writer_avg_centrality": 0.00916618574410677,
        "writer_count": 0.006222270429134369,
        "writer_writer_max_collab_weight": 0.008102922700345516,
        "writer_director_max_collab_weight": 0.006846922915428877,
        "tmdb_popularity": 0.03286674991250038,
        "tmdb_vote_average": 0.6814929842948914,
        "tmdb_budget": 0.007332045119255781,
        "tmdb_revenue": 0.03676411509513855,
        "tmdb_primary_genre": 0.061971455812454224,
        "tmdb_production_company": 0.021683739498257637,
        "tmdb_success": 0.0,
        "tmdb_primary_genre_svd_0": 0.009987629018723965,
        "tmdb_primary_genre_svd_1": 0.011177124455571175,
        "tmdb_primary_genre_svd_2": 0.013217862695455551,
        "tmdb_primary_genre_svd_3": 0.008037311024963856,
        "tmdb_primary_genre_svd_4": 0.020414035767316818
    }
}