{
    "metrics": {
        "roc_auc": 0.9826157734977403,
        "accuracy": 0.9520040206056037,
        "precision": 0.9494270054808172,
        "sensitivity": 0.9551378446115288,
        "specificity": 0.9488536155202821
    },
    "hyperparameters": {
        "objective": "binary:logistic",
        "eval_metric": "auc",
        "n_estimators": 219,
        "learning_rate": 0.01454708583397575,
        "max_depth": 4,
        "reg_alpha": 5.9588482188718945,
        "reg_lambda": 8.467776180617024,
        "tree_method": "hist",
        "random_state": 42,
        "verbosity": 0,
        "n_jobs": -1
    },
    "confusion_matrix": {
        "True_Positives": 3811,
        "False_Positives": 203,
        "True_Negatives": 3766,
        "False_Negatives": 179
    },
    "feature_importances_gain": {
        "": 0.0,
        "runtimeMinutes": 0.002679958241060376,
        "numVotes": 0.0016829784726724029,
        "startYear": 0.012326915748417377,
        "endYear": 0.0,
        "tmdb_popularity": 0.0165273267775774,
        "tmdb_vote_average": 0.8485190868377686,
        "tmdb_budget": 0.0025110188871622086,
        "tmdb_revenue": 0.021316368132829666,
        "tmdb_primary_genre": 0.009358840994536877,
        "tmdb_original_language": 0.03306247293949127,
        "tmdb_origin_country": 0.03503661975264549,
        "tmdb_production_company": 0.0011435841443017125,
        "tmdb_success": 0.0,
        "tmdb_primary_genre_encoded": 0.0,
        "tmdb_original_language_encoded": 0.0,
        "tmdb_origin_country_encoded": 0.002130233682692051,
        "director_avg_centrality": 0.0009697544737718999,
        "director_count": 0.0010925295064225793,
        "writer_avg_centrality": 0.010827647522091866,
        "writer_count": 0.0,
        "writer_writer_max_collab_weight": 0.0,
        "writer_director_max_collab_weight": 0.0008146766922436655
    }
}