{
    "metrics": {
        "roc_auc": 0.9865885108336474,
        "accuracy": 0.9533861037818822,
        "precision": 0.9520359730202348,
        "sensitivity": 0.9551378446115288,
        "specificity": 0.9516250944822373
    },
    "hyperparameters": {
        "objective": "binary:logistic",
        "eval_metric": "auc",
        "n_estimators": 92,
        "learning_rate": 0.026275862757774368,
        "max_depth": 9,
        "reg_alpha": 3.8916717866303863,
        "reg_lambda": 1.6382725544729215,
        "tree_method": "hist",
        "random_state": 42,
        "verbosity": 0,
        "n_jobs": -1
    },
    "confusion_matrix": {
        "True_Positives": 3811,
        "False_Positives": 192,
        "True_Negatives": 3777,
        "False_Negatives": 179
    },
    "feature_importances_gain": {
        "": 0.006759404670447111,
        "runtimeMinutes": 0.007492512464523315,
        "numVotes": 0.0038410567212849855,
        "startYear": 0.017522932961583138,
        "endYear": 0.0,
        "tmdb_popularity": 0.024319928139448166,
        "tmdb_vote_average": 0.8486431837081909,
        "tmdb_budget": 0.012639177031815052,
        "tmdb_revenue": 0.019654618576169014,
        "tmdb_primary_genre": 0.028448054566979408,
        "tmdb_production_company": 0.0032708276994526386,
        "tmdb_success": 0.0,
        "tmdb_primary_genre_encoded": 0.00608312152326107,
        "director_avg_centrality": 0.0034076403826475143,
        "director_count": 0.0015340254176408052,
        "writer_avg_centrality": 0.006382914260029793,
        "writer_count": 0.0025782999582588673,
        "writer_writer_max_collab_weight": 0.0023343637585639954,
        "writer_director_max_collab_weight": 0.005087959114462137
    }
}