{
    "metrics": {
        "roc_auc": 0.9651283964210658,
        "accuracy": 0.9318895166352793,
        "precision": 0.9433962264150944,
        "sensitivity": 0.9034051424600417,
        "specificity": 0.9553520320549513
    },
    "hyperparameters": {
        "objective": "binary:logistic",
        "eval_metric": "auc",
        "n_estimators": 118,
        "learning_rate": 0.012212124115089798,
        "max_depth": 6,
        "reg_alpha": 4.985459620819862,
        "reg_lambda": 7.7973922771646675,
        "tree_method": "hist",
        "random_state": 42,
        "verbosity": 0,
        "n_jobs": -1
    },
    "confusion_matrix": {
        "True_Positives": 2600,
        "False_Positives": 156,
        "True_Negatives": 3338,
        "False_Negatives": 278
    },
    "feature_importances_gain": {
        "runtimeMinutes": 0.0002812289458233863,
        "numVotes": 0.0009041674202308059,
        "startYear": 0.0032659282442182302,
        "endYear": 0.0,
        "director_avg_centrality": 0.0,
        "director_count": 0.0,
        "writer_avg_centrality": 0.0041151647455990314,
        "writer_count": 0.0014497615629807115,
        "writer_writer_max_collab_weight": 0.0,
        "writer_director_max_collab_weight": 0.0003381220158189535,
        "tmdb_popularity": 0.023594597354531288,
        "tmdb_vote_average": 0.923490583896637,
        "tmdb_budget": 0.0,
        "tmdb_revenue": 0.0032108514569699764,
        "tmdb_primary_genre": 0.013915174640715122,
        "tmdb_production_company": 0.0,
        "tmdb_success": 0.0,
        "tmdb_primary_genre_svd_0": 0.0012386984890326858,
        "tmdb_primary_genre_svd_1": 0.00682283379137516,
        "tmdb_primary_genre_svd_2": 0.012575342319905758,
        "tmdb_primary_genre_svd_3": 0.0,
        "tmdb_primary_genre_svd_4": 0.004797639325261116
    }
}