{
    "metrics": {
        "roc_auc": 0.9911197431724942,
        "accuracy": 0.9607990953637392,
        "precision": 0.9581464872944694,
        "sensitivity": 0.9639097744360903,
        "specificity": 0.9576719576719577
    },
    "hyperparameters": {
        "objective": "binary:logistic",
        "eval_metric": "auc",
        "n_estimators": 386,
        "learning_rate": 0.19327704132273602,
        "max_depth": 8,
        "reg_alpha": 4.16868286153216,
        "reg_lambda": 36.77900510995249,
        "tree_method": "hist",
        "random_state": 42,
        "verbosity": 0,
        "n_jobs": -1
    },
    "confusion_matrix": {
        "True_Positives": 3846,
        "False_Positives": 168,
        "True_Negatives": 3801,
        "False_Negatives": 144
    },
    "feature_importances_gain": {
        "": 0.007241179700940847,
        "runtimeMinutes": 0.013887914828956127,
        "numVotes": 0.006851131562143564,
        "startYear": 0.02412075735628605,
        "endYear": 0.0,
        "tmdb_popularity": 0.026347877457737923,
        "tmdb_vote_average": 0.7288257479667664,
        "tmdb_budget": 0.013193437829613686,
        "tmdb_revenue": 0.017199615016579628,
        "tmdb_primary_genre": 0.0537702701985836,
        "tmdb_original_language": 0.019406897947192192,
        "tmdb_origin_country": 0.03278951719403267,
        "tmdb_production_company": 0.006300992798060179,
        "budget_revenue_ratio": 0.003693283535540104,
        "votes_x_popularity": 0.007944731041789055,
        "director_avg_centrality": 0.006352516822516918,
        "director_count": 0.0058575780130922794,
        "writer_avg_centrality": 0.008316106162965298,
        "writer_count": 0.005944513715803623,
        "writer_writer_max_collab_weight": 0.004122206009924412,
        "writer_director_max_collab_weight": 0.00783378817141056
    }
}