{
    "metrics": {
        "roc_auc": 0.9832426240708853,
        "accuracy": 0.9381831888428195,
        "precision": 0.9416666666666667,
        "sensitivity": 0.9345864661654135,
        "specificity": 0.9417989417989417
    },
    "hyperparameters": {
        "objective": "binary:logistic",
        "eval_metric": "auc",
        "n_estimators": 471,
        "learning_rate": 0.11781575994629975,
        "max_depth": 4,
        "reg_alpha": 26.872297265945736,
        "reg_lambda": 34.17198630031561,
        "tree_method": "hist",
        "random_state": 42,
        "verbosity": 0,
        "n_jobs": -1
    },
    "confusion_matrix": {
        "True_Positives": 3729,
        "False_Positives": 231,
        "True_Negatives": 3738,
        "False_Negatives": 261
    },
    "feature_importances_gain": {
        "": 0.0015579363098368049,
        "runtimeMinutes": 0.025108464062213898,
        "numVotes": 0.008235777728259563,
        "startYear": 0.029202114790678024,
        "endYear": 0.0,
        "tmdb_popularity": 0.027782293036580086,
        "tmdb_vote_average": 0.7776963114738464,
        "tmdb_budget": 0.0074012624099850655,
        "tmdb_revenue": 0.02183571457862854,
        "tmdb_primary_genre": 0.02100970596075058,
        "tmdb_original_language": 0.02547580376267433,
        "tmdb_origin_country": 0.023619171231985092,
        "tmdb_production_company": 0.0014885560376569629,
        "budget_revenue_ratio": 0.010567376390099525,
        "votes_x_popularity": 0.0,
        "director_avg_centrality": 0.0,
        "director_count": 0.0,
        "writer_avg_centrality": 0.016177436336874962,
        "writer_count": 0.0018793101189658046,
        "writer_writer_max_collab_weight": 0.0,
        "writer_director_max_collab_weight": 0.0009627050603739917
    }
}