{
    "metrics": {
        "roc_auc": 0.9876646137894497,
        "accuracy": 0.952757884156301,
        "precision": 0.9522022022022022,
        "sensitivity": 0.9536340852130326,
        "specificity": 0.9518770471151423
    },
    "hyperparameters": {
        "objective": "binary:logistic",
        "eval_metric": "auc",
        "n_estimators": 64,
        "learning_rate": 0.04260970967499659,
        "max_depth": 4,
        "reg_alpha": 3.565642108700785,
        "reg_lambda": 6.487275616137952,
        "tree_method": "hist",
        "random_state": 42,
        "verbosity": 0,
        "n_jobs": -1
    },
    "confusion_matrix": {
        "True_Positives": 3805,
        "False_Positives": 191,
        "True_Negatives": 3778,
        "False_Negatives": 185
    },
    "feature_importances_gain": {
        "": 0.0010288461344316602,
        "runtimeMinutes": 0.009780555963516235,
        "numVotes": 0.004767242353409529,
        "startYear": 0.02439107373356819,
        "endYear": 0.0,
        "tmdb_popularity": 0.03476077318191528,
        "tmdb_vote_average": 0.7059696912765503,
        "tmdb_budget": 0.01020974013954401,
        "tmdb_revenue": 0.021692045032978058,
        "tmdb_primary_genre": 0.038611579686403275,
        "tmdb_original_language": 0.0785173773765564,
        "tmdb_origin_country": 0.03194509819149971,
        "tmdb_production_company": 0.0027934061363339424,
        "director_avg_centrality": 0.0,
        "director_count": 0.002374573377892375,
        "writer_avg_centrality": 0.012195470742881298,
        "writer_count": 0.008228988386690617,
        "writer_writer_max_collab_weight": 0.0,
        "writer_director_max_collab_weight": 0.012733516283333302
    }
}