{
    "metrics": {
        "roc_auc": 0.9908717687390558,
        "accuracy": 0.9604221635883905,
        "precision": 0.9578868676800398,
        "sensitivity": 0.9634085213032582,
        "specificity": 0.9574200050390527
    },
    "hyperparameters": {
        "objective": "binary:logistic",
        "eval_metric": "auc",
        "n_estimators": 599,
        "learning_rate": 0.2488694831878597,
        "max_depth": 5,
        "reg_alpha": 5.435642145148309,
        "reg_lambda": 6.133667394518934,
        "tree_method": "hist",
        "random_state": 42,
        "verbosity": 0,
        "n_jobs": -1
    },
    "confusion_matrix": {
        "True_Positives": 3844,
        "False_Positives": 169,
        "True_Negatives": 3800,
        "False_Negatives": 146
    },
    "feature_importances_gain": {
        "": 0.004592651966959238,
        "runtimeMinutes": 0.013597299344837666,
        "numVotes": 0.007892085239291191,
        "startYear": 0.023957964032888412,
        "endYear": 0.0,
        "tmdb_popularity": 0.03259062021970749,
        "tmdb_vote_average": 0.7196559906005859,
        "tmdb_budget": 0.016019899398088455,
        "tmdb_revenue": 0.0182584710419178,
        "tmdb_primary_genre": 0.04266548901796341,
        "tmdb_original_language": 0.01862938702106476,
        "tmdb_origin_country": 0.036422453820705414,
        "tmdb_production_company": 0.007979988120496273,
        "budget_revenue_ratio": 0.0031016033608466387,
        "votes_x_popularity": 0.0051332516595721245,
        "director_avg_centrality": 0.010028359480202198,
        "director_count": 0.005225463770329952,
        "writer_avg_centrality": 0.012259352952241898,
        "writer_count": 0.009373558685183525,
        "writer_writer_max_collab_weight": 0.004002981353551149,
        "writer_director_max_collab_weight": 0.008613085374236107
    }
}