{
    "metrics": {
        "roc_auc": 0.9811834638245905,
        "accuracy": 0.9341625832391004,
        "precision": 0.942769545222279,
        "sensitivity": 0.924812030075188,
        "specificity": 0.9435626102292769
    },
    "hyperparameters": {
        "objective": "binary:logistic",
        "eval_metric": "auc",
        "n_estimators": 107,
        "learning_rate": 0.05054981233735918,
        "max_depth": 3,
        "reg_alpha": 25.261011005121716,
        "reg_lambda": 17.144191137698503,
        "tree_method": "hist",
        "random_state": 42,
        "verbosity": 0,
        "n_jobs": -1
    },
    "confusion_matrix": {
        "True_Positives": 3690,
        "False_Positives": 224,
        "True_Negatives": 3745,
        "False_Negatives": 300
    },
    "feature_importances_gain": {
        "": 0.0,
        "runtimeMinutes": 0.04266490787267685,
        "numVotes": 0.0103091299533844,
        "startYear": 0.04200463369488716,
        "endYear": 0.0,
        "tmdb_popularity": 0.03222237899899483,
        "tmdb_vote_average": 0.6580949425697327,
        "tmdb_budget": 0.01165563054382801,
        "tmdb_revenue": 0.036463335156440735,
        "tmdb_primary_genre": 0.06807950884103775,
        "tmdb_original_language": 0.03861527144908905,
        "tmdb_origin_country": 0.03186655417084694,
        "tmdb_production_company": 0.0,
        "budget_revenue_ratio": 0.01555767934769392,
        "votes_x_popularity": 0.0,
        "director_avg_centrality": 0.0,
        "director_count": 0.0,
        "writer_avg_centrality": 0.012466056272387505,
        "writer_count": 0.0,
        "writer_writer_max_collab_weight": 0.0,
        "writer_director_max_collab_weight": 0.0
    }
}