{
    "metrics": {
        "roc_auc": 0.9760909896307916,
        "accuracy": 0.9469782636009549,
        "precision": 0.9471177944862156,
        "sensitivity": 0.9471177944862156,
        "specificity": 0.9468379944570421
    },
    "hyperparameters": {
        "objective": "binary:logistic",
        "eval_metric": "auc",
        "n_estimators": 574,
        "learning_rate": 0.020763545841806494,
        "max_depth": 9,
        "reg_alpha": 23.646529068380886,
        "reg_lambda": 33.902053286135654,
        "tree_method": "hist",
        "random_state": 42,
        "verbosity": 0,
        "n_jobs": -1
    },
    "confusion_matrix": {
        "True_Positives": 3779,
        "False_Positives": 211,
        "True_Negatives": 3758,
        "False_Negatives": 211
    },
    "feature_importances_gain": {
        "": 0.002873424906283617,
        "runtimeMinutes": 0.009846564382314682,
        "numVotes": 0.0031543748918920755,
        "startYear": 0.026206644251942635,
        "endYear": 0.0,
        "tmdb_popularity": 0.02214125543832779,
        "tmdb_vote_average": 0.8201398849487305,
        "tmdb_budget": 0.0047874655574560165,
        "tmdb_revenue": 0.023929791525006294,
        "tmdb_primary_genre": 0.04733695462346077,
        "tmdb_original_language": 0.004714753478765488,
        "tmdb_origin_country": 0.015042806975543499,
        "tmdb_production_company": 0.0011312473798170686,
        "budget_revenue_ratio": 0.0044309175573289394,
        "votes_x_popularity": 0.002112729474902153,
        "director_avg_centrality": 0.0008953424985520542,
        "director_count": 0.0027620415203273296,
        "writer_avg_centrality": 0.00488344207406044,
        "writer_count": 0.0012643791269510984,
        "writer_writer_max_collab_weight": 0.0011009220033884048,
        "writer_director_max_collab_weight": 0.0012449980713427067
    }
}