{
    "metrics": {
        "roc_auc": 0.9909437552056003,
        "accuracy": 0.958411860786531,
        "precision": 0.9558933466234737,
        "sensitivity": 0.9614035087719298,
        "specificity": 0.9554043839758125
    },
    "hyperparameters": {
        "objective": "binary:logistic",
        "eval_metric": "auc",
        "n_estimators": 329,
        "learning_rate": 0.10139691340128933,
        "max_depth": 6,
        "reg_alpha": 5.788020115130561,
        "reg_lambda": 3.5376013651346327,
        "tree_method": "hist",
        "random_state": 42,
        "verbosity": 0,
        "n_jobs": -1
    },
    "confusion_matrix": {
        "True_Positives": 3836,
        "False_Positives": 177,
        "True_Negatives": 3792,
        "False_Negatives": 154
    },
    "feature_importances_gain": {
        "": 0.0051482426933944225,
        "runtimeMinutes": 0.011465921066701412,
        "numVotes": 0.007271162699908018,
        "startYear": 0.02586519718170166,
        "endYear": 0.0,
        "tmdb_popularity": 0.03305934742093086,
        "tmdb_vote_average": 0.7541897296905518,
        "tmdb_budget": 0.015454507432878017,
        "tmdb_revenue": 0.02084464766085148,
        "tmdb_primary_genre": 0.039064109325408936,
        "tmdb_original_language": 0.010617239400744438,
        "tmdb_origin_country": 0.03319786861538887,
        "tmdb_production_company": 0.0017975619994103909,
        "director_avg_centrality": 0.006152579560875893,
        "director_count": 0.004969649948179722,
        "writer_avg_centrality": 0.009343196637928486,
        "writer_count": 0.007073842454701662,
        "writer_writer_max_collab_weight": 0.004302497021853924,
        "writer_director_max_collab_weight": 0.010182677768170834
    }
}