{
    "metrics": {
        "roc_auc": 0.9883000837947729,
        "accuracy": 0.9542656112576957,
        "precision": 0.9534767383691846,
        "sensitivity": 0.9553884711779449,
        "specificity": 0.9531368102796675
    },
    "hyperparameters": {
        "objective": "binary:logistic",
        "eval_metric": "auc",
        "n_estimators": 359,
        "learning_rate": 0.05513525281701768,
        "max_depth": 8,
        "reg_alpha": 22.29598754646413,
        "reg_lambda": 30.513511534855375,
        "tree_method": "hist",
        "random_state": 42,
        "verbosity": 0,
        "n_jobs": -1
    },
    "confusion_matrix": {
        "True_Positives": 3812,
        "False_Positives": 186,
        "True_Negatives": 3783,
        "False_Negatives": 178
    },
    "feature_importances_gain": {
        "": 0.003738374449312687,
        "runtimeMinutes": 0.010270213708281517,
        "numVotes": 0.0036666288506239653,
        "startYear": 0.026638032868504524,
        "endYear": 0.0,
        "tmdb_popularity": 0.02430187165737152,
        "tmdb_vote_average": 0.8071725368499756,
        "tmdb_budget": 0.006559613160789013,
        "tmdb_revenue": 0.025661855936050415,
        "tmdb_primary_genre": 0.04493916779756546,
        "tmdb_original_language": 0.005477769300341606,
        "tmdb_origin_country": 0.017418935894966125,
        "tmdb_production_company": 0.0017940878169611096,
        "budget_revenue_ratio": 0.004559163935482502,
        "votes_x_popularity": 0.002626520348712802,
        "director_avg_centrality": 0.0014722831547260284,
        "director_count": 0.004089206922799349,
        "writer_avg_centrality": 0.0050371852703392506,
        "writer_count": 0.0015078269643709064,
        "writer_writer_max_collab_weight": 0.001360323396511376,
        "writer_director_max_collab_weight": 0.0017083981074392796
    }
}