{
    "metrics": {
        "roc_auc": 0.9822045350211002,
        "accuracy": 0.9364241738911924,
        "precision": 0.9425813008130082,
        "sensitivity": 0.9298245614035088,
        "specificity": 0.9430587049634669
    },
    "hyperparameters": {
        "objective": "binary:logistic",
        "eval_metric": "auc",
        "n_estimators": 219,
        "learning_rate": 0.024440463513425145,
        "max_depth": 5,
        "reg_alpha": 22.37528967480417,
        "reg_lambda": 26.19056102060629,
        "tree_method": "hist",
        "random_state": 42,
        "verbosity": 0,
        "n_jobs": -1
    },
    "confusion_matrix": {
        "True_Positives": 3710,
        "False_Positives": 226,
        "True_Negatives": 3743,
        "False_Negatives": 280
    },
    "feature_importances_gain": {
        "": 0.0009704917320050299,
        "runtimeMinutes": 0.024221431463956833,
        "numVotes": 0.005388610530644655,
        "startYear": 0.03150102496147156,
        "endYear": 0.0,
        "tmdb_popularity": 0.01922888308763504,
        "tmdb_vote_average": 0.7481475472450256,
        "tmdb_budget": 0.0061964308843016624,
        "tmdb_revenue": 0.01857534795999527,
        "tmdb_primary_genre": 0.042395513504743576,
        "tmdb_original_language": 0.030207859352231026,
        "tmdb_origin_country": 0.029382357373833656,
        "tmdb_production_company": 0.0033094664104282856,
        "budget_revenue_ratio": 0.012367518618702888,
        "votes_x_popularity": 0.0018807847518473864,
        "director_avg_centrality": 0.0007411453407257795,
        "director_count": 0.0009079803712666035,
        "writer_avg_centrality": 0.0214566458016634,
        "writer_count": 0.0,
        "writer_writer_max_collab_weight": 0.003120973240584135,
        "writer_director_max_collab_weight": 0.0
    }
}