{
    "metrics": {
        "roc_auc": 0.9909775699010691,
        "accuracy": 0.9601708757381581,
        "precision": 0.9574097135740971,
        "sensitivity": 0.9634085213032582,
        "specificity": 0.9569160997732427
    },
    "hyperparameters": {
        "objective": "binary:logistic",
        "eval_metric": "auc",
        "n_estimators": 289,
        "learning_rate": 0.20618492024555474,
        "max_depth": 6,
        "reg_alpha": 2.1310484038853974,
        "reg_lambda": 3.42981394957007,
        "tree_method": "hist",
        "random_state": 42,
        "verbosity": 0,
        "n_jobs": -1
    },
    "confusion_matrix": {
        "True_Positives": 3844,
        "False_Positives": 171,
        "True_Negatives": 3798,
        "False_Negatives": 146
    },
    "feature_importances_gain": {
        "": 0.0,
        "runtimeMinutes": 0.012008437886834145,
        "numVotes": 0.007999385707080364,
        "startYear": 0.024399328976869583,
        "endYear": 0.0,
        "tmdb_popularity": 0.031170759350061417,
        "tmdb_vote_average": 0.7183052897453308,
        "tmdb_budget": 0.017671484500169754,
        "tmdb_revenue": 0.022624073550105095,
        "tmdb_primary_genre": 0.050338566303253174,
        "tmdb_original_language": 0.033882781863212585,
        "tmdb_origin_country": 0.02938285656273365,
        "tmdb_production_company": 0.0074654845520854,
        "director_avg_centrality": 0.007976979948580265,
        "director_count": 0.007253728806972504,
        "writer_avg_centrality": 0.009633936919271946,
        "writer_count": 0.005389696918427944,
        "writer_writer_max_collab_weight": 0.005440833047032356,
        "writer_director_max_collab_weight": 0.009056350216269493
    }
}