{
    "metrics": {
        "roc_auc": 0.9858807300926854,
        "accuracy": 0.9493333333333334,
        "precision": 0.942500865950814,
        "sensitivity": 0.9454482279360668,
        "specificity": 0.9525307406348299
    },
    "hyperparameters": {
        "objective": "binary:logistic",
        "eval_metric": "auc",
        "n_estimators": 409,
        "learning_rate": 0.03303268207067497,
        "max_depth": 4,
        "reg_alpha": 7.505679443760033,
        "reg_lambda": 3.419868800410266,
        "tree_method": "hist",
        "random_state": 42,
        "verbosity": 0,
        "n_jobs": -1
    },
    "confusion_matrix": {
        "True_Positives": 2721,
        "False_Positives": 166,
        "True_Negatives": 3331,
        "False_Negatives": 157
    }
}