{
    "metrics": {
        "roc_auc": 0.9878219421064629,
        "accuracy": 0.9541399673325794,
        "precision": 0.9507585177816463,
        "sensitivity": 0.9581453634085213,
        "specificity": 0.9501133786848073
    },
    "hyperparameters": {
        "objective": "binary:logistic",
        "eval_metric": "auc",
        "n_estimators": 167,
        "learning_rate": 0.02124079416604431,
        "max_depth": 10,
        "reg_alpha": 3.152674997410867,
        "reg_lambda": 7.7773788208662,
        "tree_method": "hist",
        "random_state": 42,
        "verbosity": 0,
        "n_jobs": -1
    },
    "confusion_matrix": {
        "True_Positives": 3823,
        "False_Positives": 198,
        "True_Negatives": 3771,
        "False_Negatives": 167
    },
    "feature_importances_gain": {
        "": 0.006431579124182463,
        "runtimeMinutes": 0.011153308674693108,
        "numVotes": 0.004161511082202196,
        "startYear": 0.01955462247133255,
        "endYear": 0.0,
        "tmdb_popularity": 0.0261814184486866,
        "tmdb_vote_average": 0.8273173570632935,
        "tmdb_budget": 0.015461834147572517,
        "tmdb_revenue": 0.015747155994176865,
        "tmdb_primary_genre": 0.034797098487615585,
        "tmdb_production_company": 0.006250342819839716,
        "tmdb_success": 0.0,
        "tmdb_primary_genre_encoded": 0.006094545591622591,
        "director_avg_centrality": 0.0041050598956644535,
        "director_count": 0.002074694726616144,
        "writer_avg_centrality": 0.006465591955929995,
        "writer_count": 0.002876628190279007,
        "writer_writer_max_collab_weight": 0.004011340904980898,
        "writer_director_max_collab_weight": 0.007315951865166426
    }
}