{
    "metrics": {
        "roc_auc": 0.9825625876483426,
        "accuracy": 0.9483921568627451,
        "precision": 0.9402417962003454,
        "sensitivity": 0.9457956914523975,
        "specificity": 0.9505290248784672
    },
    "hyperparameters": {
        "objective": "binary:logistic",
        "eval_metric": "auc",
        "n_estimators": 388,
        "learning_rate": 0.049246952482276216,
        "max_depth": 10,
        "reg_alpha": 0.4603866312373528,
        "reg_lambda": 1.5692730979717917,
        "tree_method": "hist",
        "random_state": 42,
        "verbosity": 0,
        "n_jobs": -1
    },
    "confusion_matrix": {
        "True_Positives": 2722,
        "False_Positives": 173,
        "True_Negatives": 3324,
        "False_Negatives": 156
    }
}