{
    "metrics": {
        "roc_auc": 0.9877289540557905,
        "accuracy": 0.9535864978902954,
        "precision": 0.9467387109224238,
        "sensitivity": 0.9471042471042471,
        "specificity": 0.9586206896551724
    },
    "hyperparameters": {
        "objective": "binary:logistic",
        "eval_metric": "auc",
        "n_estimators": 209,
        "learning_rate": 0.10251452178586824,
        "max_depth": 8,
        "reg_alpha": 5.119842803446163,
        "reg_lambda": 1.0444083511171176,
        "tree_method": "hist",
        "random_state": 42,
        "verbosity": 0,
        "n_jobs": -1
    },
    "confusion_matrix": {
        "True_Positives": 2453,
        "False_Positives": 138,
        "True_Negatives": 3197,
        "False_Negatives": 137
    },
    "feature_importances_gain": {
        "runtimeMinutes": 0.014520031400024891,
        "numVotes": 0.01011773943901062,
        "startYear": 0.028298210352659225,
        "endYear": 0.0,
        "director_avg_centrality": 0.007268952205777168,
        "director_count": 0.005002847407013178,
        "writer_avg_centrality": 0.01923779770731926,
        "writer_count": 0.005623221397399902,
        "writer_writer_max_collab_weight": 0.007316040340811014,
        "writer_director_max_collab_weight": 0.005494194105267525,
        "tmdb_popularity": 0.030060740187764168,
        "tmdb_vote_average": 0.7347082495689392,
        "tmdb_budget": 0.012124241329729557,
        "tmdb_revenue": 0.015395847149193287,
        "tmdb_primary_genre": 0.04481915012001991,
        "tmdb_production_company": 0.007828466594219208,
        "tmdb_success": 0.0,
        "tmdb_primary_genre_svd_0": 0.00871081929653883,
        "tmdb_primary_genre_svd_1": 0.006856132764369249,
        "tmdb_primary_genre_svd_2": 0.0100623220205307,
        "tmdb_primary_genre_svd_3": 0.009726202115416527,
        "tmdb_primary_genre_svd_4": 0.016828831285238266
    }
}