{
    "metrics": {
        "roc_auc": 0.9898217135178586,
        "accuracy": 0.9599195878879256,
        "precision": 0.9571606475716065,
        "sensitivity": 0.9631578947368421,
        "specificity": 0.9566641471403377
    },
    "hyperparameters": {
        "objective": "binary:logistic",
        "eval_metric": "auc",
        "n_estimators": 178,
        "learning_rate": 0.05043263920423448,
        "max_depth": 10,
        "reg_alpha": 4.25498189301857,
        "reg_lambda": 6.021407824549322,
        "tree_method": "hist",
        "random_state": 42,
        "verbosity": 0,
        "n_jobs": -1
    },
    "confusion_matrix": {
        "True_Positives": 3843,
        "False_Positives": 172,
        "True_Negatives": 3797,
        "False_Negatives": 147
    },
    "feature_importances_gain": {
        "": 0.008021101355552673,
        "runtimeMinutes": 0.012945684604346752,
        "numVotes": 0.004485998768359423,
        "startYear": 0.022579926997423172,
        "endYear": 0.0,
        "tmdb_popularity": 0.02780257910490036,
        "tmdb_vote_average": 0.7700013518333435,
        "tmdb_budget": 0.015934744849801064,
        "tmdb_revenue": 0.01894526369869709,
        "tmdb_primary_genre": 0.03684471175074577,
        "tmdb_original_language": 0.01753452979028225,
        "tmdb_origin_country": 0.03663885220885277,
        "tmdb_production_company": 0.0013432949781417847,
        "director_avg_centrality": 0.0030665856320410967,
        "director_count": 0.002333501586690545,
        "writer_avg_centrality": 0.007931787520647049,
        "writer_count": 0.0037656568456441164,
        "writer_writer_max_collab_weight": 0.003965538460761309,
        "writer_director_max_collab_weight": 0.00585886649787426
    }
}