{
    "metrics": {
        "roc_auc": 0.9916301840517141,
        "accuracy": 0.9623068224651338,
        "precision": 0.9587270014917951,
        "sensitivity": 0.9664160401002506,
        "specificity": 0.9581758629377677
    },
    "hyperparameters": {
        "objective": "binary:logistic",
        "eval_metric": "auc",
        "n_estimators": 439,
        "learning_rate": 0.24863560652258818,
        "max_depth": 7,
        "reg_alpha": 1.4174683308384037,
        "reg_lambda": 38.95408613976861,
        "tree_method": "hist",
        "random_state": 42,
        "verbosity": 0,
        "n_jobs": -1
    },
    "confusion_matrix": {
        "True_Positives": 3856,
        "False_Positives": 166,
        "True_Negatives": 3803,
        "False_Negatives": 134
    },
    "feature_importances_gain": {
        "": 0.011269072070717812,
        "runtimeMinutes": 0.012706443667411804,
        "numVotes": 0.007265754044055939,
        "startYear": 0.03133467957377434,
        "endYear": 0.0,
        "tmdb_popularity": 0.023560313507914543,
        "tmdb_vote_average": 0.6530717015266418,
        "tmdb_budget": 0.013560031540691853,
        "tmdb_revenue": 0.03045836091041565,
        "tmdb_primary_genre": 0.0617908351123333,
        "tmdb_original_language": 0.051393646746873856,
        "tmdb_origin_country": 0.0411086343228817,
        "tmdb_production_company": 0.008396219462156296,
        "budget_revenue_ratio": 0.007052147760987282,
        "votes_x_popularity": 0.00670563243329525,
        "director_avg_centrality": 0.008658039383590221,
        "director_count": 0.006219077855348587,
        "writer_avg_centrality": 0.009055443108081818,
        "writer_count": 0.004728499334305525,
        "writer_writer_max_collab_weight": 0.0055484469048678875,
        "writer_director_max_collab_weight": 0.006116923876106739
    }
}