{
    "metrics": {
        "roc_auc": 0.9793217296200946,
        "accuracy": 0.9525065963060686,
        "precision": 0.9494773519163763,
        "sensitivity": 0.956140350877193,
        "specificity": 0.9488536155202821
    },
    "hyperparameters": {
        "objective": "binary:logistic",
        "eval_metric": "auc",
        "n_estimators": 432,
        "learning_rate": 0.014270299870184395,
        "max_depth": 5,
        "reg_alpha": 5.937264026282109,
        "reg_lambda": 9.867462889112819,
        "tree_method": "hist",
        "random_state": 42,
        "verbosity": 0,
        "n_jobs": -1
    },
    "confusion_matrix": {
        "True_Positives": 3815,
        "False_Positives": 203,
        "True_Negatives": 3766,
        "False_Negatives": 175
    },
    "feature_importances_gain": {
        "": 0.00019290678028482944,
        "runtimeMinutes": 0.001858226489275694,
        "numVotes": 0.0010688198963180184,
        "startYear": 0.008769365027546883,
        "endYear": 0.0,
        "tmdb_popularity": 0.011699462309479713,
        "tmdb_vote_average": 0.9528050422668457,
        "tmdb_budget": 0.0036579975858330727,
        "tmdb_revenue": 0.011501740664243698,
        "tmdb_primary_genre": 0.0015378242824226618,
        "tmdb_production_company": 0.0004699951387010515,
        "tmdb_success": 0.0,
        "tmdb_primary_genre_encoded": 0.0,
        "director_avg_centrality": 0.0005373264430090785,
        "director_count": 0.0003571826673578471,
        "writer_avg_centrality": 0.004797750618308783,
        "writer_count": 0.00010367264621891081,
        "writer_writer_max_collab_weight": 0.0,
        "writer_director_max_collab_weight": 0.0006426457548514009
    }
}