{
    "metrics": {
        "roc_auc": 0.9864882665216833,
        "accuracy": 0.9473551953763035,
        "precision": 0.9476059162697418,
        "sensitivity": 0.9473684210526315,
        "specificity": 0.9473418997228521
    },
    "hyperparameters": {
        "objective": "binary:logistic",
        "eval_metric": "auc",
        "n_estimators": 479,
        "learning_rate": 0.2984371043180377,
        "max_depth": 6,
        "reg_alpha": 5.22478056883562,
        "reg_lambda": 39.92872553225051,
        "tree_method": "hist",
        "random_state": 42,
        "verbosity": 0,
        "n_jobs": -1
    },
    "confusion_matrix": {
        "True_Positives": 3780,
        "False_Positives": 209,
        "True_Negatives": 3760,
        "False_Negatives": 210
    },
    "feature_importances_gain": {
        "": 0.006282400339841843,
        "runtimeMinutes": 0.019312839955091476,
        "numVotes": 0.00765193160623312,
        "startYear": 0.025234002619981766,
        "endYear": 0.0,
        "tmdb_popularity": 0.02838676981627941,
        "tmdb_vote_average": 0.6923902034759521,
        "tmdb_budget": 0.014793126843869686,
        "tmdb_revenue": 0.01660013571381569,
        "tmdb_primary_genre": 0.05441891774535179,
        "tmdb_original_language": 0.028161030262708664,
        "tmdb_origin_country": 0.03280738741159439,
        "tmdb_production_company": 0.005927185993641615,
        "budget_revenue_ratio": 0.017081022262573242,
        "votes_x_popularity": 0.00522967241704464,
        "director_avg_centrality": 0.0053651235066354275,
        "director_count": 0.006078079808503389,
        "writer_avg_centrality": 0.014924325048923492,
        "writer_count": 0.004776610992848873,
        "writer_writer_max_collab_weight": 0.005371185950934887,
        "writer_director_max_collab_weight": 0.009208079427480698
    }
}