{
    "metrics": {
        "roc_auc": 0.9761040586163102,
        "accuracy": 0.9463529411764706,
        "precision": 0.9433566433566434,
        "sensitivity": 0.9374565670604587,
        "specificity": 0.9536745782098942
    },
    "hyperparameters": {
        "objective": "binary:logistic",
        "eval_metric": "auc",
        "n_estimators": 230,
        "learning_rate": 0.017137387198838908,
        "max_depth": 8,
        "reg_alpha": 2.0054454303413083,
        "reg_lambda": 7.810953887689795,
        "tree_method": "hist",
        "random_state": 42,
        "verbosity": 0,
        "n_jobs": -1
    },
    "confusion_matrix": {
        "True_Positives": 2698,
        "False_Positives": 162,
        "True_Negatives": 3335,
        "False_Negatives": 180
    },
    "feature_importances_gain": {
        "runtimeMinutes": 0.01133720763027668,
        "numVotes": 0.008458878844976425,
        "startYear": 0.029311345890164375,
        "endYear": 0.0,
        "director_avg_centrality": 0.007276484742760658,
        "director_max_centrality": 0.013183428905904293,
        "director_count": 0.00603129668161273,
        "writer_avg_centrality": 0.010917248204350471,
        "writer_max_centrality": 0.016919827088713646,
        "writer_count": 0.007703686598688364,
        "writer_writer_max_collab_weight": 0.005564745049923658,
        "writer_director_max_collab_weight": 0.003836222691461444,
        "tmdb_popularity": 0.036905836313962936,
        "tmdb_vote_average": 0.6736245155334473,
        "tmdb_budget": 0.018649673089385033,
        "tmdb_revenue": 0.019159303978085518,
        "tmdb_runtime": 0.012638602405786514,
        "tmdb_primary_genre": 0.06199197843670845,
        "tmdb_production_company": 0.013883105479180813,
        "tmdb_success": 0.0,
        "tmdb_primary_genre_svd_0": 0.0060964529402554035,
        "tmdb_primary_genre_svd_1": 0.005767095368355513,
        "tmdb_primary_genre_svd_2": 0.0103770662099123,
        "tmdb_primary_genre_svd_3": 0.0047354730777442455,
        "tmdb_primary_genre_svd_4": 0.015630559995770454
    }
}