{
    "metrics": {
        "roc_auc": 0.9741812644485995,
        "accuracy": 0.9481090589270009,
        "precision": 0.9436864301662119,
        "sensitivity": 0.9533834586466166,
        "specificity": 0.9428067523305619
    },
    "hyperparameters": {
        "objective": "binary:logistic",
        "eval_metric": "auc",
        "n_estimators": 428,
        "learning_rate": 0.010965615289466695,
        "max_depth": 8,
        "reg_alpha": 6.704456517125244,
        "reg_lambda": 5.779152307162471,
        "tree_method": "hist",
        "random_state": 42,
        "verbosity": 0,
        "n_jobs": -1
    },
    "confusion_matrix": {
        "True_Positives": 3804,
        "False_Positives": 227,
        "True_Negatives": 3742,
        "False_Negatives": 186
    },
    "feature_importances_gain": {
        "": 0.0003160008927807212,
        "runtimeMinutes": 0.001456191297620535,
        "numVotes": 0.0013588870642706752,
        "startYear": 0.008375022560358047,
        "endYear": 0.0,
        "tmdb_popularity": 0.010627508163452148,
        "tmdb_vote_average": 0.9443421959877014,
        "tmdb_budget": 0.0038468774873763323,
        "tmdb_revenue": 0.008313457481563091,
        "tmdb_primary_genre": 0.0014340966008603573,
        "tmdb_original_language": 0.0007320360746234655,
        "tmdb_origin_country": 0.013847896829247475,
        "tmdb_production_company": 5.9110388974659145e-05,
        "tmdb_success": 0.0,
        "director_avg_centrality": 0.0007090232102200389,
        "director_count": 0.00015478965360671282,
        "writer_avg_centrality": 0.003246951149776578,
        "writer_count": 0.0007081609219312668,
        "writer_writer_max_collab_weight": 0.0,
        "writer_director_max_collab_weight": 0.00047177376109175384
    }
}