{
    "metrics": {
        "roc_auc": 0.9794009944834533,
        "accuracy": 0.9480168776371308,
        "precision": 0.9443146417445483,
        "sensitivity": 0.9362934362934363,
        "specificity": 0.9571214392803599
    },
    "hyperparameters": {
        "objective": "binary:logistic",
        "eval_metric": "auc",
        "n_estimators": 431,
        "learning_rate": 0.018029506911985994,
        "max_depth": 7,
        "reg_alpha": 9.960029465687121,
        "reg_lambda": 1.8195612994657906,
        "tree_method": "hist",
        "random_state": 42,
        "verbosity": 0,
        "n_jobs": -1
    },
    "confusion_matrix": {
        "True_Positives": 2425,
        "False_Positives": 143,
        "True_Negatives": 3192,
        "False_Negatives": 165
    },
    "feature_importances_gain": {
        "runtimeMinutes": 0.013339247554540634,
        "numVotes": 0.0068961214274168015,
        "startYear": 0.02946208231151104,
        "endYear": 0.0,
        "director_avg_centrality": 0.006913480348885059,
        "director_count": 0.00196659192442894,
        "writer_avg_centrality": 0.020857270807027817,
        "writer_count": 0.0053097461350262165,
        "writer_writer_max_collab_weight": 0.004437294788658619,
        "writer_director_max_collab_weight": 0.0038545087445527315,
        "tmdb_popularity": 0.02389274537563324,
        "tmdb_vote_average": 0.7708499431610107,
        "tmdb_budget": 0.009008332155644894,
        "tmdb_revenue": 0.014024768024682999,
        "tmdb_primary_genre": 0.020061500370502472,
        "tmdb_production_company": 0.007766457740217447,
        "tmdb_success": 0.0,
        "tmdb_primary_genre_svd_0": 0.004998227581381798,
        "tmdb_primary_genre_svd_1": 0.020476536825299263,
        "tmdb_primary_genre_svd_2": 0.008879797533154488,
        "tmdb_primary_genre_svd_3": 0.010542706586420536,
        "tmdb_primary_genre_svd_4": 0.016462646424770355
    }
}