{
    "metrics": {
        "roc_auc": 0.987564094400676,
        "accuracy": 0.9539240506329114,
        "precision": 0.9467797917470112,
        "sensitivity": 0.9478764478764479,
        "specificity": 0.9586206896551724
    },
    "hyperparameters": {
        "objective": "binary:logistic",
        "eval_metric": "auc",
        "n_estimators": 486,
        "learning_rate": 0.22188252310265974,
        "max_depth": 9,
        "reg_alpha": 5.0323974406817396,
        "reg_lambda": 5.891618209493153,
        "tree_method": "hist",
        "random_state": 42,
        "verbosity": 0,
        "n_jobs": -1
    },
    "confusion_matrix": {
        "True_Positives": 2455,
        "False_Positives": 138,
        "True_Negatives": 3197,
        "False_Negatives": 135
    },
    "feature_importances_gain": {
        "runtimeMinutes": 0.015248279087245464,
        "numVotes": 0.010153843089938164,
        "startYear": 0.02739872969686985,
        "endYear": 0.0,
        "director_avg_centrality": 0.0066036623902618885,
        "director_count": 0.004271392244845629,
        "writer_avg_centrality": 0.021269964054226875,
        "writer_count": 0.005501606501638889,
        "writer_writer_max_collab_weight": 0.007025205530226231,
        "writer_director_max_collab_weight": 0.00536595331504941,
        "tmdb_popularity": 0.031224315986037254,
        "tmdb_vote_average": 0.7289599776268005,
        "tmdb_budget": 0.0124441459774971,
        "tmdb_revenue": 0.014273623004555702,
        "tmdb_primary_genre": 0.05150815099477768,
        "tmdb_production_company": 0.0061770337633788586,
        "tmdb_success": 0.0,
        "tmdb_primary_genre_svd_0": 0.004408106207847595,
        "tmdb_primary_genre_svd_1": 0.007245997432619333,
        "tmdb_primary_genre_svd_2": 0.011151876300573349,
        "tmdb_primary_genre_svd_3": 0.012592848390340805,
        "tmdb_primary_genre_svd_4": 0.017175335437059402
    }
}