{
    "metrics": {
        "roc_auc": 0.980269994155618,
        "accuracy": 0.9476078431372549,
        "precision": 0.9395300621976503,
        "sensitivity": 0.9447533009034051,
        "specificity": 0.9499571060909351
    },
    "hyperparameters": {
        "objective": "binary:logistic",
        "eval_metric": "auc",
        "n_estimators": 129,
        "learning_rate": 0.028300065459811462,
        "max_depth": 8,
        "reg_alpha": 0.11812142626106747,
        "reg_lambda": 8.968902096857633,
        "tree_method": "hist",
        "random_state": 42,
        "verbosity": 0,
        "n_jobs": -1
    },
    "confusion_matrix": {
        "True_Positives": 2719,
        "False_Positives": 175,
        "True_Negatives": 3322,
        "False_Negatives": 159
    }
}