{
    "metrics": {
        "roc_auc": 0.9779878330242336,
        "accuracy": 0.9528835280814173,
        "precision": 0.9495150460084556,
        "sensitivity": 0.9568922305764411,
        "specificity": 0.9488536155202821
    },
    "hyperparameters": {
        "objective": "binary:logistic",
        "eval_metric": "auc",
        "n_estimators": 227,
        "learning_rate": 0.0173488465898071,
        "max_depth": 7,
        "reg_alpha": 5.772309587939455,
        "reg_lambda": 5.876873361573921,
        "tree_method": "hist",
        "random_state": 42,
        "verbosity": 0,
        "n_jobs": -1
    },
    "confusion_matrix": {
        "True_Positives": 3818,
        "False_Positives": 203,
        "True_Negatives": 3766,
        "False_Negatives": 172
    },
    "feature_importances_gain": {
        "": 0.0003438555577304214,
        "runtimeMinutes": 0.0017239684239029884,
        "numVotes": 0.0008193965186364949,
        "startYear": 0.008615839295089245,
        "endYear": 0.0,
        "tmdb_popularity": 0.011305740103125572,
        "tmdb_vote_average": 0.952453076839447,
        "tmdb_budget": 0.004792730789631605,
        "tmdb_revenue": 0.010931999422609806,
        "tmdb_primary_genre": 0.0018262079684063792,
        "tmdb_production_company": 0.0006829397170804441,
        "tmdb_success": 0.0,
        "tmdb_primary_genre_encoded": 0.00012983052874915302,
        "director_avg_centrality": 0.0006594257429242134,
        "director_count": 0.00018480657308828086,
        "writer_avg_centrality": 0.003642095485702157,
        "writer_count": 0.00040001023444347084,
        "writer_writer_max_collab_weight": 0.0007934110471978784,
        "writer_director_max_collab_weight": 0.0006947515648789704
    }
}