{
    "metrics": {
        "roc_auc": 0.9874829931028194,
        "accuracy": 0.9500590517968618,
        "precision": 0.9459354336833917,
        "sensitivity": 0.9393588258014678,
        "specificity": 0.9583582983822648
    },
    "hyperparameters": {
        "objective": "binary:logistic",
        "eval_metric": "auc",
        "n_estimators": 433,
        "learning_rate": 0.07287965352343698,
        "max_depth": 9,
        "reg_alpha": 9.57040899424174,
        "reg_lambda": 0.09094873364397293,
        "tree_method": "hist",
        "random_state": 42,
        "verbosity": 0,
        "n_jobs": -1
    },
    "confusion_matrix": {
        "True_Positives": 2432,
        "False_Positives": 139,
        "True_Negatives": 3199,
        "False_Negatives": 157
    },
    "feature_importances_gain": {
        "runtimeMinutes": 0.010357369668781757,
        "numVotes": 0.008774535730481148,
        "startYear": 0.030169177800416946,
        "endYear": 0.0,
        "director_avg_centrality": 0.005919493734836578,
        "director_max_centrality": 0.003830432193353772,
        "director_count": 0.0049321879632771015,
        "writer_avg_centrality": 0.013287036679685116,
        "writer_max_centrality": 0.010757599025964737,
        "writer_count": 0.00670590391382575,
        "writer_writer_max_collab_weight": 0.0035560422111302614,
        "writer_director_max_collab_weight": 0.0047373343259096146,
        "tmdb_popularity": 0.021920710802078247,
        "tmdb_vote_average": 0.7167952060699463,
        "tmdb_budget": 0.01383404154330492,
        "tmdb_revenue": 0.014068454504013062,
        "tmdb_runtime": 0.014176439493894577,
        "tmdb_primary_genre": 0.011310053989291191,
        "tmdb_production_company": 0.005216058809310198,
        "tmdb_success": 0.0,
        "tmdb_primary_genre_svd_0": 0.0049337525852024555,
        "tmdb_primary_genre_svd_1": 0.05357168987393379,
        "tmdb_primary_genre_svd_2": 0.012448012828826904,
        "tmdb_primary_genre_svd_3": 0.009384524077177048,
        "tmdb_primary_genre_svd_4": 0.019313950091600418
    }
}