{
    "metrics": {
        "roc_auc": 0.9786429179232778,
        "accuracy": 0.9449789029535866,
        "precision": 0.934715821812596,
        "sensitivity": 0.9397683397683397,
        "specificity": 0.9490254872563718
    },
    "hyperparameters": {
        "objective": "binary:logistic",
        "eval_metric": "auc",
        "n_estimators": 250,
        "learning_rate": 0.02925292486170516,
        "max_depth": 3,
        "reg_alpha": 3.5102547154284967,
        "reg_lambda": 7.042257370227187,
        "tree_method": "hist",
        "random_state": 42,
        "verbosity": 0,
        "n_jobs": -1
    },
    "confusion_matrix": {
        "True_Positives": 2434,
        "False_Positives": 170,
        "True_Negatives": 3165,
        "False_Negatives": 156
    },
    "feature_importances_gain": {
        "runtimeMinutes": 0.02203919179737568,
        "numVotes": 0.008442011661827564,
        "startYear": 0.03288962319493294,
        "endYear": 0.0,
        "director_avg_centrality": 0.0,
        "director_count": 0.0020718949381262064,
        "writer_avg_centrality": 0.04153606295585632,
        "writer_count": 0.0,
        "writer_writer_max_collab_weight": 0.0,
        "writer_director_max_collab_weight": 0.0,
        "tmdb_popularity": 0.03693748265504837,
        "tmdb_vote_average": 0.7227479815483093,
        "tmdb_budget": 0.017591217532753944,
        "tmdb_revenue": 0.010527381673455238,
        "tmdb_primary_genre": 0.04695199057459831,
        "tmdb_production_company": 0.0,
        "tmdb_success": 0.0,
        "tmdb_primary_genre_svd_0": 0.0,
        "tmdb_primary_genre_svd_1": 0.009257050231099129,
        "tmdb_primary_genre_svd_2": 0.012627920135855675,
        "tmdb_primary_genre_svd_3": 0.010035285726189613,
        "tmdb_primary_genre_svd_4": 0.026344845071434975
    }
}