{
    "metrics": {
        "roc_auc": 0.9706587898317223,
        "accuracy": 0.9415755748209574,
        "precision": 0.9420617005267118,
        "sensitivity": 0.9413533834586466,
        "specificity": 0.9417989417989417
    },
    "hyperparameters": {
        "objective": "binary:logistic",
        "eval_metric": "auc",
        "n_estimators": 72,
        "learning_rate": 0.011732908800706994,
        "max_depth": 3,
        "reg_alpha": 28.73144807364973,
        "reg_lambda": 27.949510966599,
        "tree_method": "hist",
        "random_state": 42,
        "verbosity": 0,
        "n_jobs": -1
    },
    "confusion_matrix": {
        "True_Positives": 3756,
        "False_Positives": 231,
        "True_Negatives": 3738,
        "False_Negatives": 234
    },
    "feature_importances_gain": {
        "": 0.0,
        "runtimeMinutes": 0.023793911561369896,
        "numVotes": 0.0,
        "startYear": 0.030410218983888626,
        "endYear": 0.0,
        "tmdb_popularity": 0.018726512789726257,
        "tmdb_vote_average": 0.923096776008606,
        "tmdb_budget": 0.0,
        "tmdb_revenue": 0.0,
        "tmdb_primary_genre": 0.0,
        "tmdb_original_language": 0.0,
        "tmdb_origin_country": 0.0,
        "tmdb_production_company": 0.0012487670173868537,
        "budget_revenue_ratio": 0.0014905306743457913,
        "votes_x_popularity": 0.0,
        "director_avg_centrality": 0.0,
        "director_count": 0.0012333483900874853,
        "writer_avg_centrality": 0.0,
        "writer_count": 0.0,
        "writer_writer_max_collab_weight": 0.0,
        "writer_director_max_collab_weight": 0.0
    }
}