{
    "metrics": {
        "roc_auc": 0.9870513949910009,
        "accuracy": 0.9509019607843138,
        "precision": 0.9451579312738633,
        "sensitivity": 0.9461431549687283,
        "specificity": 0.9548184157849585
    },
    "hyperparameters": {
        "objective": "binary:logistic",
        "eval_metric": "auc",
        "n_estimators": 277,
        "learning_rate": 0.10234340574422465,
        "max_depth": 9,
        "reg_alpha": 5.049488053891115,
        "reg_lambda": 9.46704062758628,
        "tree_method": "hist",
        "random_state": 42,
        "verbosity": 0,
        "n_jobs": -1
    },
    "confusion_matrix": {
        "True_Positives": 2723,
        "False_Positives": 158,
        "True_Negatives": 3339,
        "False_Negatives": 155
    },
    "feature_importances_gain": {
        "runtimeMinutes": 0.012837768532335758,
        "numVotes": 0.010074373334646225,
        "startYear": 0.0342993400990963,
        "endYear": 0.0,
        "director_avg_centrality": 0.006142464466392994,
        "director_max_centrality": 0.004289841279387474,
        "director_count": 0.0046665552072227,
        "writer_avg_centrality": 0.012847254984080791,
        "writer_max_centrality": 0.022815855219960213,
        "writer_count": 0.007814851589500904,
        "writer_writer_max_collab_weight": 0.007296058814972639,
        "writer_director_max_collab_weight": 0.003972546197474003,
        "tmdb_popularity": 0.03761472553014755,
        "tmdb_vote_average": 0.6582528352737427,
        "tmdb_budget": 0.017073212191462517,
        "tmdb_revenue": 0.022509915754199028,
        "tmdb_runtime": 0.01765727624297142,
        "tmdb_primary_genre": 0.053177859634160995,
        "tmdb_production_company": 0.0077848113141953945,
        "tmdb_success": 0.0,
        "tmdb_primary_genre_svd_0": 0.007192804478108883,
        "tmdb_primary_genre_svd_1": 0.014072629623115063,
        "tmdb_primary_genre_svd_2": 0.008782507851719856,
        "tmdb_primary_genre_svd_3": 0.006290759891271591,
        "tmdb_primary_genre_svd_4": 0.022533729672431946
    }
}