{
    "metrics": {
        "roc_auc": 0.9886683556115299,
        "accuracy": 0.951914965412519,
        "precision": 0.9451313755795981,
        "sensitivity": 0.9447663190421012,
        "specificity": 0.957459556620731
    },
    "hyperparameters": {
        "objective": "binary:logistic",
        "eval_metric": "auc",
        "n_estimators": 408,
        "learning_rate": 0.14920762807941584,
        "max_depth": 4,
        "reg_alpha": 4.350968087054613,
        "reg_lambda": 0.5581386286877166,
        "tree_method": "hist",
        "random_state": 42,
        "verbosity": 0,
        "n_jobs": -1
    },
    "confusion_matrix": {
        "True_Positives": 2446,
        "False_Positives": 142,
        "True_Negatives": 3196,
        "False_Negatives": 143
    },
    "feature_importances_gain": {
        "runtimeMinutes": 0.019613834097981453,
        "numVotes": 0.010430199094116688,
        "startYear": 0.034879788756370544,
        "endYear": 0.0,
        "director_avg_centrality": 0.01169219147413969,
        "director_max_centrality": 0.007002492435276508,
        "director_count": 0.006734391674399376,
        "writer_avg_centrality": 0.016050130128860474,
        "writer_max_centrality": 0.005289945285767317,
        "writer_count": 0.007052139844745398,
        "writer_writer_max_collab_weight": 0.01151852123439312,
        "writer_director_max_collab_weight": 0.0019417830044403672,
        "tmdb_popularity": 0.033736683428287506,
        "tmdb_vote_average": 0.6187552213668823,
        "tmdb_budget": 0.020315006375312805,
        "tmdb_revenue": 0.021387798711657524,
        "tmdb_runtime": 0.02381008490920067,
        "tmdb_primary_genre": 0.05055079236626625,
        "tmdb_production_company": 0.013800160028040409,
        "tmdb_success": 0.0,
        "tmdb_primary_genre_svd_0": 0.0046239993534982204,
        "tmdb_primary_genre_svd_1": 0.039429083466529846,
        "tmdb_primary_genre_svd_2": 0.01321808435022831,
        "tmdb_primary_genre_svd_3": 0.008697893470525742,
        "tmdb_primary_genre_svd_4": 0.01946982741355896
    }
}