{
    "metrics": {
        "roc_auc": 0.9880023124057374,
        "accuracy": 0.9497216129576515,
        "precision": 0.9414258188824662,
        "sensitivity": 0.9436075704905369,
        "specificity": 0.9544637507489515
    },
    "hyperparameters": {
        "objective": "binary:logistic",
        "eval_metric": "auc",
        "n_estimators": 210,
        "learning_rate": 0.05556875845402264,
        "max_depth": 3,
        "reg_alpha": 5.943334368227411,
        "reg_lambda": 3.370490103502972,
        "tree_method": "hist",
        "random_state": 42,
        "verbosity": 0,
        "n_jobs": -1
    },
    "confusion_matrix": {
        "True_Positives": 2443,
        "False_Positives": 152,
        "True_Negatives": 3186,
        "False_Negatives": 146
    },
    "feature_importances_gain": {
        "runtimeMinutes": 0.023877223953604698,
        "numVotes": 0.009805213660001755,
        "startYear": 0.03443518653512001,
        "endYear": 0.0,
        "director_avg_centrality": 0.006267700344324112,
        "director_max_centrality": 0.005552247166633606,
        "director_count": 0.006874864920973778,
        "writer_avg_centrality": 0.015661727637052536,
        "writer_max_centrality": 0.003328489838168025,
        "writer_count": 0.006748703774064779,
        "writer_writer_max_collab_weight": 0.007160093169659376,
        "writer_director_max_collab_weight": 0.0,
        "tmdb_popularity": 0.033182915300130844,
        "tmdb_vote_average": 0.6445914506912231,
        "tmdb_budget": 0.019204173237085342,
        "tmdb_revenue": 0.016305962577462196,
        "tmdb_runtime": 0.022799137979745865,
        "tmdb_primary_genre": 0.05243422091007233,
        "tmdb_production_company": 0.006407911889255047,
        "tmdb_success": 0.0,
        "tmdb_primary_genre_svd_0": 0.006653711199760437,
        "tmdb_primary_genre_svd_1": 0.050793882459402084,
        "tmdb_primary_genre_svd_2": 0.009183122776448727,
        "tmdb_primary_genre_svd_3": 0.003328584134578705,
        "tmdb_primary_genre_svd_4": 0.015403489582240582
    }
}