{
    "metrics": {
        "roc_auc": 0.9903456360730497,
        "accuracy": 0.9585375047116472,
        "precision": 0.9572713643178411,
        "sensitivity": 0.9601503759398496,
        "specificity": 0.9569160997732427
    },
    "hyperparameters": {
        "objective": "binary:logistic",
        "eval_metric": "auc",
        "n_estimators": 279,
        "learning_rate": 0.10535004610394073,
        "max_depth": 4,
        "reg_alpha": 8.977652196729494,
        "reg_lambda": 25.582820608668797,
        "tree_method": "hist",
        "random_state": 42,
        "verbosity": 0,
        "n_jobs": -1
    },
    "confusion_matrix": {
        "True_Positives": 3831,
        "False_Positives": 171,
        "True_Negatives": 3798,
        "False_Negatives": 159
    },
    "feature_importances_gain": {
        "": 0.007425210438668728,
        "runtimeMinutes": 0.014937333762645721,
        "numVotes": 0.008342739194631577,
        "startYear": 0.028639575466513634,
        "endYear": 0.0,
        "tmdb_popularity": 0.038101669400930405,
        "tmdb_vote_average": 0.726897120475769,
        "tmdb_budget": 0.011488175950944424,
        "tmdb_revenue": 0.02516031078994274,
        "tmdb_primary_genre": 0.05353814363479614,
        "tmdb_original_language": 0.010364520363509655,
        "tmdb_origin_country": 0.037700898945331573,
        "tmdb_production_company": 0.004578317981213331,
        "budget_revenue_ratio": 0.004823844414204359,
        "votes_x_popularity": 0.004142311401665211,
        "director_avg_centrality": 0.0013146547134965658,
        "director_count": 0.005317986477166414,
        "writer_avg_centrality": 0.00851045548915863,
        "writer_count": 0.0018018383998423815,
        "writer_writer_max_collab_weight": 0.0015513168182224035,
        "writer_director_max_collab_weight": 0.005363631062209606
    }
}