{
    "metrics": {
        "roc_auc": 0.9791275404768657,
        "accuracy": 0.9454852320675106,
        "precision": 0.9426005466614603,
        "sensitivity": 0.932046332046332,
        "specificity": 0.9559220389805098
    },
    "hyperparameters": {
        "objective": "binary:logistic",
        "eval_metric": "auc",
        "n_estimators": 95,
        "learning_rate": 0.028966110539211873,
        "max_depth": 8,
        "reg_alpha": 4.531284334902242,
        "reg_lambda": 9.031529195315294,
        "tree_method": "hist",
        "random_state": 42,
        "verbosity": 0,
        "n_jobs": -1
    },
    "confusion_matrix": {
        "True_Positives": 2414,
        "False_Positives": 147,
        "True_Negatives": 3188,
        "False_Negatives": 176
    },
    "feature_importances_gain": {
        "runtimeMinutes": 0.00942621473222971,
        "numVotes": 0.004403634462505579,
        "startYear": 0.019823510199785233,
        "endYear": 0.0,
        "director_avg_centrality": 0.004086866043508053,
        "director_count": 0.000334015378030017,
        "writer_avg_centrality": 0.016929859295487404,
        "writer_count": 0.0017161156283691525,
        "writer_writer_max_collab_weight": 0.0,
        "writer_director_max_collab_weight": 0.0017816426698118448,
        "tmdb_popularity": 0.025752196088433266,
        "tmdb_vote_average": 0.8287044763565063,
        "tmdb_budget": 0.0073724957183003426,
        "tmdb_revenue": 0.011757302097976208,
        "tmdb_primary_genre": 0.03746020421385765,
        "tmdb_production_company": 0.004009594675153494,
        "tmdb_success": 0.0,
        "tmdb_primary_genre_svd_0": 0.0021851982455700636,
        "tmdb_primary_genre_svd_1": 0.00513475714251399,
        "tmdb_primary_genre_svd_2": 0.0071649677120149136,
        "tmdb_primary_genre_svd_3": 0.0027303097303956747,
        "tmdb_primary_genre_svd_4": 0.009226609952747822
    }
}