{
    "metrics": {
        "roc_auc": 0.9895994710889089,
        "accuracy": 0.9567784897600201,
        "precision": 0.9555222388805598,
        "sensitivity": 0.9583959899749374,
        "specificity": 0.9551524313429075
    },
    "hyperparameters": {
        "objective": "binary:logistic",
        "eval_metric": "auc",
        "n_estimators": 311,
        "learning_rate": 0.23836758659686483,
        "max_depth": 6,
        "reg_alpha": 7.606758104236223,
        "reg_lambda": 2.4964114602248086,
        "tree_method": "hist",
        "random_state": 42,
        "verbosity": 0,
        "n_jobs": -1
    },
    "confusion_matrix": {
        "True_Positives": 3824,
        "False_Positives": 178,
        "True_Negatives": 3791,
        "False_Negatives": 166
    },
    "feature_importances_gain": {
        "": 0.010063473135232925,
        "runtimeMinutes": 0.016265572980046272,
        "numVotes": 0.007060329429805279,
        "startYear": 0.024807991459965706,
        "endYear": 0.0,
        "tmdb_popularity": 0.0275096632540226,
        "tmdb_vote_average": 0.7859972715377808,
        "tmdb_budget": 0.017099600285291672,
        "tmdb_revenue": 0.018952731043100357,
        "tmdb_primary_genre": 0.03329222649335861,
        "tmdb_production_company": 0.014319770969450474,
        "tmdb_success": 0.0,
        "tmdb_primary_genre_encoded": 0.010507378727197647,
        "director_avg_centrality": 0.004542260896414518,
        "director_count": 0.004903712309896946,
        "writer_avg_centrality": 0.008662519045174122,
        "writer_count": 0.003783000400289893,
        "writer_writer_max_collab_weight": 0.002893340541049838,
        "writer_director_max_collab_weight": 0.009339174255728722
    }
}