{
    "metrics": {
        "roc_auc": 0.9824431563796467,
        "accuracy": 0.948078431372549,
        "precision": 0.9451240824886403,
        "sensitivity": 0.9395413481584434,
        "specificity": 0.9551043751787246
    },
    "hyperparameters": {
        "objective": "binary:logistic",
        "eval_metric": "auc",
        "n_estimators": 365,
        "learning_rate": 0.01973005151794956,
        "max_depth": 8,
        "reg_alpha": 3.7169550538886345,
        "reg_lambda": 2.1677629364424664,
        "tree_method": "hist",
        "random_state": 42,
        "verbosity": 0,
        "n_jobs": -1
    },
    "confusion_matrix": {
        "True_Positives": 2704,
        "False_Positives": 157,
        "True_Negatives": 3340,
        "False_Negatives": 174
    },
    "feature_importances_gain": {
        "runtimeMinutes": 0.014270542189478874,
        "numVotes": 0.009902018122375011,
        "startYear": 0.034242477267980576,
        "endYear": 0.0,
        "director_avg_centrality": 0.004729305859655142,
        "director_max_centrality": 0.0038849806878715754,
        "director_count": 0.005155808757990599,
        "writer_avg_centrality": 0.009081562049686909,
        "writer_max_centrality": 0.022140242159366608,
        "writer_count": 0.005508124828338623,
        "writer_writer_max_collab_weight": 0.008998392149806023,
        "writer_director_max_collab_weight": 0.008673545904457569,
        "tmdb_popularity": 0.0398377999663353,
        "tmdb_vote_average": 0.6551498770713806,
        "tmdb_budget": 0.015209956094622612,
        "tmdb_revenue": 0.02447699010372162,
        "tmdb_runtime": 0.016355914995074272,
        "tmdb_primary_genre": 0.05235689505934715,
        "tmdb_production_company": 0.0076036518439650536,
        "tmdb_success": 0.0,
        "tmdb_primary_genre_svd_0": 0.01107571367174387,
        "tmdb_primary_genre_svd_1": 0.01451814640313387,
        "tmdb_primary_genre_svd_2": 0.01191955991089344,
        "tmdb_primary_genre_svd_3": 0.006574531551450491,
        "tmdb_primary_genre_svd_4": 0.018333937972784042
    }
}