{
    "metrics": {
        "roc_auc": 0.989988987333539,
        "accuracy": 0.9564015579846714,
        "precision": 0.955944931163955,
        "sensitivity": 0.9571428571428572,
        "specificity": 0.9556563366087175
    },
    "hyperparameters": {
        "objective": "binary:logistic",
        "eval_metric": "auc",
        "n_estimators": 274,
        "learning_rate": 0.052845763259758274,
        "max_depth": 3,
        "reg_alpha": 6.844783813601756,
        "reg_lambda": 7.461864177163783,
        "tree_method": "hist",
        "random_state": 42,
        "verbosity": 0,
        "n_jobs": -1
    },
    "confusion_matrix": {
        "True_Positives": 3819,
        "False_Positives": 176,
        "True_Negatives": 3793,
        "False_Negatives": 171
    },
    "feature_importances_gain": {
        "": 0.0,
        "runtimeMinutes": 0.029048416763544083,
        "numVotes": 0.0056688664481043816,
        "startYear": 0.038626089692115784,
        "endYear": 0.0,
        "tmdb_popularity": 0.040324922651052475,
        "tmdb_vote_average": 0.7258504033088684,
        "tmdb_budget": 0.02389882504940033,
        "tmdb_revenue": 0.014349613338708878,
        "tmdb_primary_genre": 0.053135208785533905,
        "tmdb_production_company": 0.019300585612654686,
        "tmdb_success": 0.0,
        "tmdb_primary_genre_encoded": 0.006625552196055651,
        "director_avg_centrality": 0.0,
        "director_count": 0.009276807308197021,
        "writer_avg_centrality": 0.019062383100390434,
        "writer_count": 0.004226229153573513,
        "writer_writer_max_collab_weight": 0.0020629737991839647,
        "writer_director_max_collab_weight": 0.00854311604052782
    }
}