{
    "metrics": {
        "roc_auc": 0.987131916667149,
        "accuracy": 0.9527426160337553,
        "precision": 0.9473276529821844,
        "sensitivity": 0.9444015444015444,
        "specificity": 0.9592203898050975
    },
    "hyperparameters": {
        "objective": "binary:logistic",
        "eval_metric": "auc",
        "n_estimators": 98,
        "learning_rate": 0.22574926250607433,
        "max_depth": 6,
        "reg_alpha": 7.332884655513335,
        "reg_lambda": 1.5534878328531976,
        "tree_method": "hist",
        "random_state": 42,
        "verbosity": 0,
        "n_jobs": -1
    },
    "confusion_matrix": {
        "True_Positives": 2446,
        "False_Positives": 136,
        "True_Negatives": 3199,
        "False_Negatives": 144
    },
    "feature_importances_gain": {
        "runtimeMinutes": 0.015917794778943062,
        "numVotes": 0.00987098179757595,
        "startYear": 0.03215273842215538,
        "endYear": 0.0,
        "director_avg_centrality": 0.006696705706417561,
        "director_count": 0.003639586502686143,
        "writer_avg_centrality": 0.02567548304796219,
        "writer_count": 0.006024056114256382,
        "writer_writer_max_collab_weight": 0.007286945357918739,
        "writer_director_max_collab_weight": 0.00437338137999177,
        "tmdb_popularity": 0.0268364530056715,
        "tmdb_vote_average": 0.7486028075218201,
        "tmdb_budget": 0.008365832269191742,
        "tmdb_revenue": 0.016912978142499924,
        "tmdb_primary_genre": 0.04113535210490227,
        "tmdb_production_company": 0.005258234683424234,
        "tmdb_success": 0.0,
        "tmdb_primary_genre_svd_0": 0.005432946141809225,
        "tmdb_primary_genre_svd_1": 0.006933577358722687,
        "tmdb_primary_genre_svd_2": 0.00893092155456543,
        "tmdb_primary_genre_svd_3": 0.0,
        "tmdb_primary_genre_svd_4": 0.019953299313783646
    }
}