{
    "metrics": {
        "roc_auc": 0.9909309681358853,
        "accuracy": 0.9615529589144365,
        "precision": 0.9568452380952381,
        "sensitivity": 0.9669172932330827,
        "specificity": 0.9561602418745276
    },
    "hyperparameters": {
        "objective": "binary:logistic",
        "eval_metric": "auc",
        "n_estimators": 356,
        "learning_rate": 0.16206917484412178,
        "max_depth": 3,
        "reg_alpha": 0.0944415452259868,
        "reg_lambda": 24.321783122239104,
        "tree_method": "hist",
        "random_state": 42,
        "verbosity": 0,
        "n_jobs": -1
    },
    "confusion_matrix": {
        "True_Positives": 3858,
        "False_Positives": 174,
        "True_Negatives": 3795,
        "False_Negatives": 132
    },
    "feature_importances_gain": {
        "": 0.0,
        "runtimeMinutes": 0.013851713389158249,
        "numVotes": 0.008552568033337593,
        "startYear": 0.03769407048821449,
        "endYear": 0.0,
        "tmdb_popularity": 0.03463037684559822,
        "tmdb_vote_average": 0.6719815731048584,
        "tmdb_budget": 0.025653371587395668,
        "tmdb_revenue": 0.017264526337385178,
        "tmdb_primary_genre": 0.04066264629364014,
        "tmdb_original_language": 0.04744876176118851,
        "tmdb_origin_country": 0.0463777594268322,
        "tmdb_production_company": 0.0021491621155291796,
        "budget_revenue_ratio": 0.007919177412986755,
        "votes_x_popularity": 0.009776782244443893,
        "director_avg_centrality": 0.001999925822019577,
        "director_count": 0.008853720501065254,
        "writer_avg_centrality": 0.00946393795311451,
        "writer_count": 0.006370827089995146,
        "writer_writer_max_collab_weight": 0.006083042360842228,
        "writer_director_max_collab_weight": 0.0032660742290318012
    }
}