{
    "metrics": {
        "roc_auc": 0.9911651451632355,
        "accuracy": 0.9610503832139716,
        "precision": 0.9574838388861263,
        "sensitivity": 0.9651629072681704,
        "specificity": 0.9569160997732427
    },
    "hyperparameters": {
        "objective": "binary:logistic",
        "eval_metric": "auc",
        "n_estimators": 386,
        "learning_rate": 0.059671523492447386,
        "max_depth": 9,
        "reg_alpha": 1.579273157170834,
        "reg_lambda": 8.654554464665097,
        "tree_method": "hist",
        "random_state": 42,
        "verbosity": 0,
        "n_jobs": -1
    },
    "confusion_matrix": {
        "True_Positives": 3851,
        "False_Positives": 171,
        "True_Negatives": 3798,
        "False_Negatives": 139
    },
    "feature_importances_gain": {
        "": 0.0,
        "runtimeMinutes": 0.011934579350054264,
        "numVotes": 0.008193529210984707,
        "startYear": 0.029762661084532738,
        "endYear": 0.0,
        "tmdb_popularity": 0.031213054433465004,
        "tmdb_vote_average": 0.6893332004547119,
        "tmdb_budget": 0.02076277695596218,
        "tmdb_revenue": 0.022874344140291214,
        "tmdb_primary_genre": 0.056196585297584534,
        "tmdb_original_language": 0.03925612196326256,
        "tmdb_origin_country": 0.028828268870711327,
        "tmdb_production_company": 0.006659211125224829,
        "director_avg_centrality": 0.011461518704891205,
        "director_count": 0.008771205320954323,
        "writer_avg_centrality": 0.009649151936173439,
        "writer_count": 0.006503469310700893,
        "writer_writer_max_collab_weight": 0.0047347936779260635,
        "writer_director_max_collab_weight": 0.013865494169294834
    }
}