{
    "metrics": {
        "roc_auc": 0.9880517897652802,
        "accuracy": 0.9499372253609542,
        "precision": 0.943193626602009,
        "sensitivity": 0.9461431549687283,
        "specificity": 0.953062392673154
    },
    "hyperparameters": {
        "objective": "binary:logistic",
        "eval_metric": "auc",
        "n_estimators": 466,
        "learning_rate": 0.06256572707037397,
        "max_depth": 4,
        "reg_alpha": 8.872532489817063,
        "reg_lambda": 2.3535421596765205,
        "tree_method": "hist",
        "random_state": 42,
        "verbosity": 0,
        "n_jobs": -1
    },
    "confusion_matrix": {
        "True_Positives": 2723,
        "False_Positives": 164,
        "True_Negatives": 3330,
        "False_Negatives": 155
    },
    "feature_importances_gain": {
        "runtimeMinutes": 0.020190929993987083,
        "numVotes": 0.01185059268027544,
        "startYear": 0.028596634045243263,
        "endYear": 0.0,
        "director_avg_centrality": 0.0,
        "director_count": 0.006284826435148716,
        "writer_avg_centrality": 0.029366161674261093,
        "writer_count": 0.0018199206097051501,
        "writer_writer_max_collab_weight": 0.0068476758897304535,
        "writer_director_max_collab_weight": 0.005228325258940458,
        "tmdb_popularity": 0.04084450751543045,
        "tmdb_vote_average": 0.6313796639442444,
        "tmdb_budget": 0.011413163505494595,
        "tmdb_revenue": 0.038029830902814865,
        "tmdb_primary_genre": 0.052715398371219635,
        "tmdb_production_company": 0.028775332495570183,
        "tmdb_success": 0.0,
        "tmdb_primary_genre_svd_0": 0.012892043218016624,
        "tmdb_primary_genre_svd_1": 0.03058001771569252,
        "tmdb_primary_genre_svd_2": 0.020550783723592758,
        "tmdb_primary_genre_svd_3": 0.003052303334698081,
        "tmdb_primary_genre_svd_4": 0.019581928849220276
    }
}