{
    "metrics": {
        "roc_auc": 0.9690792743427653,
        "accuracy": 0.9403921568627451,
        "precision": 0.9400986610288936,
        "sensitivity": 0.9270326615705351,
        "specificity": 0.9513869030597655
    },
    "hyperparameters": {
        "objective": "binary:logistic",
        "eval_metric": "auc",
        "n_estimators": 363,
        "learning_rate": 0.012099023254316596,
        "max_depth": 9,
        "reg_alpha": 7.848062305301561,
        "reg_lambda": 4.358879937814326,
        "tree_method": "hist",
        "random_state": 42,
        "verbosity": 0,
        "n_jobs": -1
    },
    "confusion_matrix": {
        "True_Positives": 2668,
        "False_Positives": 170,
        "True_Negatives": 3327,
        "False_Negatives": 210
    }
}