{
    "metrics": {
        "roc_auc": 0.9911790057153466,
        "accuracy": 0.9610503832139716,
        "precision": 0.9590818363273453,
        "sensitivity": 0.9634085213032582,
        "specificity": 0.9586797682035777
    },
    "hyperparameters": {
        "objective": "binary:logistic",
        "eval_metric": "auc",
        "n_estimators": 246,
        "learning_rate": 0.19533835155669674,
        "max_depth": 6,
        "reg_alpha": 1.5557340507441542,
        "reg_lambda": 3.5557749996432637,
        "tree_method": "hist",
        "random_state": 42,
        "verbosity": 0,
        "n_jobs": -1
    },
    "confusion_matrix": {
        "True_Positives": 3844,
        "False_Positives": 164,
        "True_Negatives": 3805,
        "False_Negatives": 146
    },
    "feature_importances_gain": {
        "": 0.0,
        "runtimeMinutes": 0.013923007063567638,
        "numVotes": 0.008768015541136265,
        "startYear": 0.03274034708738327,
        "endYear": 0.0,
        "tmdb_popularity": 0.029518716037273407,
        "tmdb_vote_average": 0.678230345249176,
        "tmdb_budget": 0.023456549271941185,
        "tmdb_revenue": 0.026108186691999435,
        "tmdb_primary_genre": 0.04892676696181297,
        "tmdb_original_language": 0.04623928666114807,
        "tmdb_origin_country": 0.023671770468354225,
        "tmdb_production_company": 0.009004569612443447,
        "director_avg_centrality": 0.009461057372391224,
        "director_count": 0.012393088079988956,
        "writer_avg_centrality": 0.013064187951385975,
        "writer_count": 0.007653635460883379,
        "writer_writer_max_collab_weight": 0.006208730395883322,
        "writer_director_max_collab_weight": 0.010631709359586239
    }
}