{
    "metrics": {
        "roc_auc": 0.9875771766626339,
        "accuracy": 0.9532489451476793,
        "precision": 0.943953934740883,
        "sensitivity": 0.9494208494208494,
        "specificity": 0.9562218890554722
    },
    "hyperparameters": {
        "objective": "binary:logistic",
        "eval_metric": "auc",
        "n_estimators": 341,
        "learning_rate": 0.22682404108382817,
        "max_depth": 10,
        "reg_alpha": 2.1628462872818477,
        "reg_lambda": 4.730722136019754,
        "tree_method": "hist",
        "random_state": 42,
        "verbosity": 0,
        "n_jobs": -1
    },
    "confusion_matrix": {
        "True_Positives": 2459,
        "False_Positives": 146,
        "True_Negatives": 3189,
        "False_Negatives": 131
    },
    "feature_importances_gain": {
        "runtimeMinutes": 0.016488129273056984,
        "numVotes": 0.01152779534459114,
        "startYear": 0.0306790079921484,
        "endYear": 0.0,
        "director_avg_centrality": 0.012182640843093395,
        "director_count": 0.009039374999701977,
        "writer_avg_centrality": 0.017321571707725525,
        "writer_count": 0.004771002102643251,
        "writer_writer_max_collab_weight": 0.010697673074901104,
        "writer_director_max_collab_weight": 0.0075182537548244,
        "tmdb_popularity": 0.028546305373311043,
        "tmdb_vote_average": 0.6893842220306396,
        "tmdb_budget": 0.018541600555181503,
        "tmdb_revenue": 0.017731117084622383,
        "tmdb_primary_genre": 0.05867825448513031,
        "tmdb_production_company": 0.015554692596197128,
        "tmdb_success": 0.0,
        "tmdb_primary_genre_svd_0": 0.01012365147471428,
        "tmdb_primary_genre_svd_1": 0.01035330444574356,
        "tmdb_primary_genre_svd_2": 0.00919585395604372,
        "tmdb_primary_genre_svd_3": 0.00394909642636776,
        "tmdb_primary_genre_svd_4": 0.017716392874717712
    }
}