{
    "metrics": {
        "roc_auc": 0.9912293330959041,
        "accuracy": 0.9616786028395528,
        "precision": 0.9577639751552796,
        "sensitivity": 0.9661654135338346,
        "specificity": 0.9571680524061477
    },
    "hyperparameters": {
        "objective": "binary:logistic",
        "eval_metric": "auc",
        "n_estimators": 392,
        "learning_rate": 0.19083435288446665,
        "max_depth": 8,
        "reg_alpha": 1.9874973339376143,
        "reg_lambda": 39.96739387164112,
        "tree_method": "hist",
        "random_state": 42,
        "verbosity": 0,
        "n_jobs": -1
    },
    "confusion_matrix": {
        "True_Positives": 3855,
        "False_Positives": 170,
        "True_Negatives": 3799,
        "False_Negatives": 135
    },
    "feature_importances_gain": {
        "": 0.007544573862105608,
        "runtimeMinutes": 0.012519347481429577,
        "numVotes": 0.007623809855431318,
        "startYear": 0.02840450033545494,
        "endYear": 0.0,
        "tmdb_popularity": 0.029021387919783592,
        "tmdb_vote_average": 0.6795386075973511,
        "tmdb_budget": 0.01726815104484558,
        "tmdb_revenue": 0.01870303601026535,
        "tmdb_primary_genre": 0.05515657365322113,
        "tmdb_original_language": 0.04145040735602379,
        "tmdb_origin_country": 0.04254479706287384,
        "tmdb_production_company": 0.006906130816787481,
        "budget_revenue_ratio": 0.006039086729288101,
        "votes_x_popularity": 0.006599899847060442,
        "director_avg_centrality": 0.007130491081625223,
        "director_count": 0.006093313451856375,
        "writer_avg_centrality": 0.010299358516931534,
        "writer_count": 0.005107499659061432,
        "writer_writer_max_collab_weight": 0.005778273567557335,
        "writer_director_max_collab_weight": 0.006270803045481443
    }
}