{
    "metrics": {
        "roc_auc": 0.9906471267612216,
        "accuracy": 0.9576579972358337,
        "precision": 0.955827302221113,
        "sensitivity": 0.9598997493734336,
        "specificity": 0.9554043839758125
    },
    "hyperparameters": {
        "objective": "binary:logistic",
        "eval_metric": "auc",
        "n_estimators": 462,
        "learning_rate": 0.0714433986961766,
        "max_depth": 10,
        "reg_alpha": 7.409353524826706,
        "reg_lambda": 3.140225809645256,
        "tree_method": "hist",
        "random_state": 42,
        "verbosity": 0,
        "n_jobs": -1
    },
    "confusion_matrix": {
        "True_Positives": 3830,
        "False_Positives": 177,
        "True_Negatives": 3792,
        "False_Negatives": 160
    },
    "feature_importances_gain": {
        "": 0.005129252560436726,
        "runtimeMinutes": 0.011017514392733574,
        "numVotes": 0.005332508590072393,
        "startYear": 0.025907039642333984,
        "endYear": 0.0,
        "tmdb_popularity": 0.03503168746829033,
        "tmdb_vote_average": 0.7602729201316833,
        "tmdb_budget": 0.012679914943873882,
        "tmdb_revenue": 0.020793261006474495,
        "tmdb_primary_genre": 0.04370569437742233,
        "tmdb_original_language": 0.006996135227382183,
        "tmdb_origin_country": 0.03090941347181797,
        "tmdb_production_company": 0.005385905969887972,
        "director_avg_centrality": 0.006627196911722422,
        "director_count": 0.0033178762532770634,
        "writer_avg_centrality": 0.009588445536792278,
        "writer_count": 0.005640877410769463,
        "writer_writer_max_collab_weight": 0.003967326134443283,
        "writer_director_max_collab_weight": 0.007697016932070255
    }
}