{
    "metrics": {
        "roc_auc": 0.9844762132087589,
        "accuracy": 0.944716672948863,
        "precision": 0.9462041226747109,
        "sensitivity": 0.943358395989975,
        "specificity": 0.9460821365583271
    },
    "hyperparameters": {
        "objective": "binary:logistic",
        "eval_metric": "auc",
        "n_estimators": 565,
        "learning_rate": 0.0743092095077091,
        "max_depth": 9,
        "reg_alpha": 18.659737102851615,
        "reg_lambda": 33.58457162007082,
        "tree_method": "hist",
        "random_state": 42,
        "verbosity": 0,
        "n_jobs": -1
    },
    "confusion_matrix": {
        "True_Positives": 3764,
        "False_Positives": 214,
        "True_Negatives": 3755,
        "False_Negatives": 226
    },
    "feature_importances_gain": {
        "": 0.001841289340518415,
        "runtimeMinutes": 0.02182076685130596,
        "numVotes": 0.005438818130642176,
        "startYear": 0.027883118018507957,
        "endYear": 0.0,
        "tmdb_popularity": 0.018379956483840942,
        "tmdb_vote_average": 0.782300591468811,
        "tmdb_budget": 0.007841400802135468,
        "tmdb_revenue": 0.013850159011781216,
        "tmdb_primary_genre": 0.03320922330021858,
        "tmdb_original_language": 0.01780831255018711,
        "tmdb_origin_country": 0.018674923107028008,
        "tmdb_production_company": 0.0034602079540491104,
        "budget_revenue_ratio": 0.01476118341088295,
        "votes_x_popularity": 0.003933806903660297,
        "director_avg_centrality": 0.003645049873739481,
        "director_count": 0.0033562243916094303,
        "writer_avg_centrality": 0.0135130500420928,
        "writer_count": 0.0014141337014734745,
        "writer_writer_max_collab_weight": 0.003242023754864931,
        "writer_director_max_collab_weight": 0.00362560641951859
    }
}