{
    "metrics": {
        "roc_auc": 0.9859794358660571,
        "accuracy": 0.9467269757507224,
        "precision": 0.9477649422400803,
        "sensitivity": 0.9458646616541353,
        "specificity": 0.9475938523557571
    },
    "hyperparameters": {
        "objective": "binary:logistic",
        "eval_metric": "auc",
        "n_estimators": 357,
        "learning_rate": 0.19770890547174855,
        "max_depth": 8,
        "reg_alpha": 5.208820945430245,
        "reg_lambda": 1.63858620348147,
        "tree_method": "hist",
        "random_state": 42,
        "verbosity": 0,
        "n_jobs": -1
    },
    "confusion_matrix": {
        "True_Positives": 3774,
        "False_Positives": 208,
        "True_Negatives": 3761,
        "False_Negatives": 216
    },
    "feature_importances_gain": {
        "": 0.004737519193440676,
        "runtimeMinutes": 0.02121698297560215,
        "numVotes": 0.009654698893427849,
        "startYear": 0.027842292562127113,
        "endYear": 0.0,
        "tmdb_popularity": 0.03319217264652252,
        "tmdb_vote_average": 0.7064899802207947,
        "tmdb_budget": 0.012202844955027103,
        "tmdb_revenue": 0.020196132361888885,
        "tmdb_primary_genre": 0.034999821335077286,
        "tmdb_original_language": 0.025621436536312103,
        "tmdb_origin_country": 0.023338358849287033,
        "tmdb_production_company": 0.004781590308994055,
        "budget_revenue_ratio": 0.01418167632073164,
        "votes_x_popularity": 0.008971605449914932,
        "director_avg_centrality": 0.0051392302848398685,
        "director_count": 0.005565581377595663,
        "writer_avg_centrality": 0.01825207658112049,
        "writer_count": 0.0059729078784585,
        "writer_writer_max_collab_weight": 0.006254357751458883,
        "writer_director_max_collab_weight": 0.011388690210878849
    }
}