{
    "metrics": {
        "roc_auc": 0.9912532970117406,
        "accuracy": 0.961301671064204,
        "precision": 0.9586447433981067,
        "sensitivity": 0.9644110275689223,
        "specificity": 0.9581758629377677
    },
    "hyperparameters": {
        "objective": "binary:logistic",
        "eval_metric": "auc",
        "n_estimators": 380,
        "learning_rate": 0.2869774668460595,
        "max_depth": 6,
        "reg_alpha": 0.37072203896570777,
        "reg_lambda": 9.732342336502356,
        "tree_method": "hist",
        "random_state": 42,
        "verbosity": 0,
        "n_jobs": -1
    },
    "confusion_matrix": {
        "True_Positives": 3848,
        "False_Positives": 166,
        "True_Negatives": 3803,
        "False_Negatives": 142
    },
    "feature_importances_gain": {
        "": 0.01421087421476841,
        "runtimeMinutes": 0.014102264307439327,
        "numVotes": 0.009001437574625015,
        "startYear": 0.042065128684043884,
        "endYear": 0.0,
        "tmdb_popularity": 0.02394952066242695,
        "tmdb_vote_average": 0.6056538224220276,
        "tmdb_budget": 0.012117521837353706,
        "tmdb_revenue": 0.034832291305065155,
        "tmdb_primary_genre": 0.058813679963350296,
        "tmdb_original_language": 0.04950330778956413,
        "tmdb_origin_country": 0.04553813859820366,
        "tmdb_production_company": 0.01031576283276081,
        "budget_revenue_ratio": 0.013388843275606632,
        "votes_x_popularity": 0.015468411147594452,
        "director_avg_centrality": 0.006378685124218464,
        "director_count": 0.010215479880571365,
        "writer_avg_centrality": 0.009239786304533482,
        "writer_count": 0.006165219470858574,
        "writer_writer_max_collab_weight": 0.009613641537725925,
        "writer_director_max_collab_weight": 0.00942614208906889
    }
}