{
    "metrics": {
        "roc_auc": 0.988167087514328,
        "accuracy": 0.953602159608571,
        "precision": 0.9481022463206816,
        "sensitivity": 0.9455388180764774,
        "specificity": 0.9598562013181546
    },
    "hyperparameters": {
        "objective": "binary:logistic",
        "eval_metric": "auc",
        "n_estimators": 116,
        "learning_rate": 0.12208915427956832,
        "max_depth": 10,
        "reg_alpha": 6.567642468180054,
        "reg_lambda": 8.78965091829504,
        "tree_method": "hist",
        "random_state": 42,
        "verbosity": 0,
        "n_jobs": -1
    },
    "confusion_matrix": {
        "True_Positives": 2448,
        "False_Positives": 134,
        "True_Negatives": 3204,
        "False_Negatives": 141
    },
    "feature_importances_gain": {
        "runtimeMinutes": 0.011175098828971386,
        "numVotes": 0.008827891200780869,
        "startYear": 0.033343683928251266,
        "endYear": 0.0,
        "director_avg_centrality": 0.006136888172477484,
        "director_max_centrality": 0.004126319196075201,
        "director_count": 0.008040663786232471,
        "writer_avg_centrality": 0.013844531960785389,
        "writer_max_centrality": 0.011653231456875801,
        "writer_count": 0.005668714642524719,
        "writer_writer_max_collab_weight": 0.0035784966312348843,
        "writer_director_max_collab_weight": 0.003423919901251793,
        "tmdb_popularity": 0.022914500907063484,
        "tmdb_vote_average": 0.7005990743637085,
        "tmdb_budget": 0.012479675002396107,
        "tmdb_revenue": 0.016460249200463295,
        "tmdb_runtime": 0.016737380996346474,
        "tmdb_primary_genre": 0.022501813247799873,
        "tmdb_production_company": 0.006563436705619097,
        "tmdb_success": 0.0,
        "tmdb_primary_genre_svd_0": 0.005767728202044964,
        "tmdb_primary_genre_svd_1": 0.04609926417469978,
        "tmdb_primary_genre_svd_2": 0.011684123426675797,
        "tmdb_primary_genre_svd_3": 0.007891246117651463,
        "tmdb_primary_genre_svd_4": 0.020482048392295837
    }
}