{
    "metrics": {
        "roc_auc": 0.986011762458539,
        "accuracy": 0.9532489451476793,
        "precision": 0.9436133486766398,
        "sensitivity": 0.9498069498069498,
        "specificity": 0.9559220389805098
    },
    "hyperparameters": {
        "objective": "binary:logistic",
        "eval_metric": "auc",
        "n_estimators": 188,
        "learning_rate": 0.04111343489085721,
        "max_depth": 9,
        "reg_alpha": 2.110217971900048,
        "reg_lambda": 8.759807353562866,
        "tree_method": "hist",
        "random_state": 42,
        "verbosity": 0,
        "n_jobs": -1
    },
    "confusion_matrix": {
        "True_Positives": 2460,
        "False_Positives": 147,
        "True_Negatives": 3188,
        "False_Negatives": 130
    },
    "feature_importances_gain": {
        "runtimeMinutes": 0.016867777332663536,
        "numVotes": 0.011150216683745384,
        "startYear": 0.033019524067640305,
        "endYear": 0.0,
        "director_avg_centrality": 0.012312338687479496,
        "director_count": 0.004995362367480993,
        "writer_avg_centrality": 0.020279735326766968,
        "writer_count": 0.005110844038426876,
        "writer_writer_max_collab_weight": 0.011661231517791748,
        "writer_director_max_collab_weight": 0.005816375836730003,
        "tmdb_popularity": 0.03310895711183548,
        "tmdb_vote_average": 0.6929723620414734,
        "tmdb_budget": 0.015925567597150803,
        "tmdb_revenue": 0.01887439750134945,
        "tmdb_primary_genre": 0.052480895072221756,
        "tmdb_production_company": 0.008907534182071686,
        "tmdb_success": 0.0,
        "tmdb_primary_genre_svd_0": 0.006995089817792177,
        "tmdb_primary_genre_svd_1": 0.011199403554201126,
        "tmdb_primary_genre_svd_2": 0.011716506443917751,
        "tmdb_primary_genre_svd_3": 0.00870565790683031,
        "tmdb_primary_genre_svd_4": 0.01790023408830166
    }
}