{
    "metrics": {
        "roc_auc": 0.9882067262731344,
        "accuracy": 0.9510357815442562,
        "precision": 0.9454861111111111,
        "sensitivity": 0.9461431549687283,
        "specificity": 0.9550658271322267
    },
    "hyperparameters": {
        "objective": "binary:logistic",
        "eval_metric": "auc",
        "n_estimators": 383,
        "learning_rate": 0.09865821412777809,
        "max_depth": 10,
        "reg_alpha": 6.943209586858806,
        "reg_lambda": 0.7283806078258059,
        "tree_method": "hist",
        "random_state": 42,
        "verbosity": 0,
        "n_jobs": -1
    },
    "confusion_matrix": {
        "True_Positives": 2723,
        "False_Positives": 157,
        "True_Negatives": 3337,
        "False_Negatives": 155
    },
    "feature_importances_gain": {
        "runtimeMinutes": 0.01371266134083271,
        "numVotes": 0.008177511394023895,
        "startYear": 0.025348983705043793,
        "endYear": 0.0,
        "director_avg_centrality": 0.0053022680804133415,
        "director_count": 0.006538549903780222,
        "writer_avg_centrality": 0.014276854693889618,
        "writer_count": 0.004396087024360895,
        "writer_writer_max_collab_weight": 0.00818626955151558,
        "writer_director_max_collab_weight": 0.003013799898326397,
        "tmdb_popularity": 0.03666272759437561,
        "tmdb_vote_average": 0.7004019021987915,
        "tmdb_budget": 0.00617594737559557,
        "tmdb_revenue": 0.03329876810312271,
        "tmdb_primary_genre": 0.03852120414376259,
        "tmdb_production_company": 0.023771755397319794,
        "tmdb_success": 0.0,
        "tmdb_primary_genre_svd_0": 0.00949349906295538,
        "tmdb_primary_genre_svd_1": 0.02086411789059639,
        "tmdb_primary_genre_svd_2": 0.01660078950226307,
        "tmdb_primary_genre_svd_3": 0.006819386500865221,
        "tmdb_primary_genre_svd_4": 0.018436841666698456
    }
}