{
    "metrics": {
        "roc_auc": 0.9910546711954994,
        "accuracy": 0.9596683000376932,
        "precision": 0.9573672400897532,
        "sensitivity": 0.9624060150375939,
        "specificity": 0.9569160997732427
    },
    "hyperparameters": {
        "objective": "binary:logistic",
        "eval_metric": "auc",
        "n_estimators": 123,
        "learning_rate": 0.18517152126425332,
        "max_depth": 5,
        "reg_alpha": 4.88497878283644,
        "reg_lambda": 3.651145687324357,
        "tree_method": "hist",
        "random_state": 42,
        "verbosity": 0,
        "n_jobs": -1
    },
    "confusion_matrix": {
        "True_Positives": 3840,
        "False_Positives": 171,
        "True_Negatives": 3798,
        "False_Negatives": 150
    },
    "feature_importances_gain": {
        "": 0.006867507006973028,
        "runtimeMinutes": 0.012324642390012741,
        "numVotes": 0.008006314747035503,
        "startYear": 0.027897270396351814,
        "endYear": 0.0,
        "tmdb_popularity": 0.033108942210674286,
        "tmdb_vote_average": 0.7212535738945007,
        "tmdb_budget": 0.019679296761751175,
        "tmdb_revenue": 0.022456012666225433,
        "tmdb_primary_genre": 0.045793212950229645,
        "tmdb_original_language": 0.018942154943943024,
        "tmdb_origin_country": 0.02900785766541958,
        "tmdb_production_company": 0.005510503891855478,
        "director_avg_centrality": 0.010465073399245739,
        "director_count": 0.006020752247422934,
        "writer_avg_centrality": 0.01089981198310852,
        "writer_count": 0.008637369610369205,
        "writer_writer_max_collab_weight": 0.004237436689436436,
        "writer_director_max_collab_weight": 0.008892168290913105
    }
}