{
    "metrics": {
        "roc_auc": 0.9708577945241031,
        "accuracy": 0.9389370523935168,
        "precision": 0.937125748502994,
        "sensitivity": 0.9413533834586466,
        "specificity": 0.9365079365079365
    },
    "hyperparameters": {
        "objective": "binary:logistic",
        "eval_metric": "auc",
        "n_estimators": 483,
        "learning_rate": 0.010396417764952412,
        "max_depth": 3,
        "reg_alpha": 37.757064177279226,
        "reg_lambda": 19.208002768262475,
        "tree_method": "hist",
        "random_state": 42,
        "verbosity": 0,
        "n_jobs": -1
    },
    "confusion_matrix": {
        "True_Positives": 3756,
        "False_Positives": 252,
        "True_Negatives": 3717,
        "False_Negatives": 234
    },
    "feature_importances_gain": {
        "": 0.0,
        "runtimeMinutes": 0.029885631054639816,
        "numVotes": 0.003414137987419963,
        "startYear": 0.027136268094182014,
        "endYear": 0.0,
        "tmdb_popularity": 0.016703177243471146,
        "tmdb_vote_average": 0.8997278213500977,
        "tmdb_budget": 0.0,
        "tmdb_revenue": 0.0,
        "tmdb_primary_genre": 0.0,
        "tmdb_original_language": 0.0,
        "tmdb_origin_country": 0.016806993633508682,
        "tmdb_production_company": 0.0017790456768125296,
        "budget_revenue_ratio": 0.002053739270195365,
        "votes_x_popularity": 0.0,
        "director_avg_centrality": 0.0,
        "director_count": 0.002493206411600113,
        "writer_avg_centrality": 0.0,
        "writer_count": 0.0,
        "writer_writer_max_collab_weight": 0.0,
        "writer_director_max_collab_weight": 0.0
    }
}