{
    "metrics": {
        "roc_auc": 0.9873289031160096,
        "accuracy": 0.9520675105485232,
        "precision": 0.9472459270752521,
        "sensitivity": 0.9428571428571428,
        "specificity": 0.9592203898050975
    },
    "hyperparameters": {
        "objective": "binary:logistic",
        "eval_metric": "auc",
        "n_estimators": 245,
        "learning_rate": 0.03989892671864182,
        "max_depth": 10,
        "reg_alpha": 9.907027600239955,
        "reg_lambda": 3.100814287693283,
        "tree_method": "hist",
        "random_state": 42,
        "verbosity": 0,
        "n_jobs": -1
    },
    "confusion_matrix": {
        "True_Positives": 2442,
        "False_Positives": 136,
        "True_Negatives": 3199,
        "False_Negatives": 148
    },
    "feature_importances_gain": {
        "runtimeMinutes": 0.014063103124499321,
        "numVotes": 0.007612868212163448,
        "startYear": 0.031138407066464424,
        "endYear": 0.0,
        "director_avg_centrality": 0.007807601243257523,
        "director_count": 0.0023402997758239508,
        "writer_avg_centrality": 0.022933678701519966,
        "writer_count": 0.004663050640374422,
        "writer_writer_max_collab_weight": 0.0038199054542928934,
        "writer_director_max_collab_weight": 0.00393700459972024,
        "tmdb_popularity": 0.023415902629494667,
        "tmdb_vote_average": 0.7644462585449219,
        "tmdb_budget": 0.00915180891752243,
        "tmdb_revenue": 0.011212395504117012,
        "tmdb_primary_genre": 0.02092883363366127,
        "tmdb_production_company": 0.00619199313223362,
        "tmdb_success": 0.0,
        "tmdb_primary_genre_svd_0": 0.0034068620298057795,
        "tmdb_primary_genre_svd_1": 0.025057353079319,
        "tmdb_primary_genre_svd_2": 0.010379251092672348,
        "tmdb_primary_genre_svd_3": 0.009027978405356407,
        "tmdb_primary_genre_svd_4": 0.018465306609869003
    }
}