{
    "metrics": {
        "roc_auc": 0.9914615841695444,
        "accuracy": 0.9597939439628094,
        "precision": 0.9569223107569721,
        "sensitivity": 0.9631578947368421,
        "specificity": 0.9564121945074326
    },
    "hyperparameters": {
        "objective": "binary:logistic",
        "eval_metric": "auc",
        "n_estimators": 179,
        "learning_rate": 0.1404090336941605,
        "max_depth": 9,
        "reg_alpha": 3.597575293326364,
        "reg_lambda": 6.186408437485782,
        "tree_method": "hist",
        "random_state": 42,
        "verbosity": 0,
        "n_jobs": -1
    },
    "confusion_matrix": {
        "True_Positives": 3843,
        "False_Positives": 173,
        "True_Negatives": 3796,
        "False_Negatives": 147
    },
    "feature_importances_gain": {
        "": 0.010633328929543495,
        "runtimeMinutes": 0.01266345102339983,
        "numVotes": 0.007649608887732029,
        "startYear": 0.02684074081480503,
        "endYear": 0.0,
        "tmdb_popularity": 0.032705359160900116,
        "tmdb_vote_average": 0.7098188400268555,
        "tmdb_budget": 0.02115483023226261,
        "tmdb_revenue": 0.019613729789853096,
        "tmdb_primary_genre": 0.05461639538407326,
        "tmdb_original_language": 0.02371145412325859,
        "tmdb_origin_country": 0.025932298973202705,
        "tmdb_production_company": 0.009663281962275505,
        "director_avg_centrality": 0.008922705426812172,
        "director_count": 0.006242795381695032,
        "writer_avg_centrality": 0.00961556751281023,
        "writer_count": 0.006426415406167507,
        "writer_writer_max_collab_weight": 0.004666698630899191,
        "writer_director_max_collab_weight": 0.00912240706384182
    }
}