{
    "metrics": {
        "roc_auc": 0.9883632539132904,
        "accuracy": 0.9519774011299436,
        "precision": 0.9474599860821156,
        "sensitivity": 0.9461431549687283,
        "specificity": 0.9567830566685747
    },
    "hyperparameters": {
        "objective": "binary:logistic",
        "eval_metric": "auc",
        "n_estimators": 377,
        "learning_rate": 0.17355908538684098,
        "max_depth": 9,
        "reg_alpha": 6.994479399992172,
        "reg_lambda": 0.20690530175125232,
        "tree_method": "hist",
        "random_state": 42,
        "verbosity": 0,
        "n_jobs": -1
    },
    "confusion_matrix": {
        "True_Positives": 2723,
        "False_Positives": 151,
        "True_Negatives": 3343,
        "False_Negatives": 155
    },
    "feature_importances_gain": {
        "runtimeMinutes": 0.013719934038817883,
        "numVotes": 0.009024144150316715,
        "startYear": 0.025592070072889328,
        "endYear": 0.0,
        "director_avg_centrality": 0.00518261780962348,
        "director_count": 0.006953186821192503,
        "writer_avg_centrality": 0.014439924620091915,
        "writer_count": 0.006116223521530628,
        "writer_writer_max_collab_weight": 0.006702175363898277,
        "writer_director_max_collab_weight": 0.004025576636195183,
        "tmdb_popularity": 0.037491634488105774,
        "tmdb_vote_average": 0.7025437951087952,
        "tmdb_budget": 0.004829438403248787,
        "tmdb_revenue": 0.030783705413341522,
        "tmdb_primary_genre": 0.04322462156414986,
        "tmdb_production_company": 0.019098663702607155,
        "tmdb_success": 0.0,
        "tmdb_primary_genre_svd_0": 0.010127842426300049,
        "tmdb_primary_genre_svd_1": 0.013705020770430565,
        "tmdb_primary_genre_svd_2": 0.017183659598231316,
        "tmdb_primary_genre_svd_3": 0.00977980438619852,
        "tmdb_primary_genre_svd_4": 0.01947595924139023
    }
}