{
    "metrics": {
        "roc_auc": 0.9787187798167629,
        "accuracy": 0.9522553084558362,
        "precision": 0.9481132075471698,
        "sensitivity": 0.9571428571428572,
        "specificity": 0.9473418997228521
    },
    "hyperparameters": {
        "objective": "binary:logistic",
        "eval_metric": "auc",
        "n_estimators": 302,
        "learning_rate": 0.015040125148348273,
        "max_depth": 6,
        "reg_alpha": 4.51179464232868,
        "reg_lambda": 9.392262834093954,
        "tree_method": "hist",
        "random_state": 42,
        "verbosity": 0,
        "n_jobs": -1
    },
    "confusion_matrix": {
        "True_Positives": 3819,
        "False_Positives": 209,
        "True_Negatives": 3760,
        "False_Negatives": 171
    },
    "feature_importances_gain": {
        "": 0.00021105678752064705,
        "runtimeMinutes": 0.0021713702008128166,
        "numVotes": 0.0012647550320252776,
        "startYear": 0.009088145568966866,
        "endYear": 0.0,
        "tmdb_popularity": 0.011352443136274815,
        "tmdb_vote_average": 0.9479609131813049,
        "tmdb_budget": 0.004911811091005802,
        "tmdb_revenue": 0.01333034597337246,
        "tmdb_primary_genre": 0.0028109962586313486,
        "tmdb_production_company": 0.00018726589041762054,
        "tmdb_success": 0.0,
        "tmdb_primary_genre_encoded": 0.0,
        "director_avg_centrality": 0.0005215946002863348,
        "director_count": 0.00018242951773572713,
        "writer_avg_centrality": 0.0048682671040296555,
        "writer_count": 0.0004244554729666561,
        "writer_writer_max_collab_weight": 0.0,
        "writer_director_max_collab_weight": 0.0007141222013160586
    }
}