{
    "metrics": {
        "roc_auc": 0.9899301668128497,
        "accuracy": 0.9594170121874608,
        "precision": 0.9582604348912772,
        "sensitivity": 0.9609022556390977,
        "specificity": 0.9579239103048627
    },
    "hyperparameters": {
        "objective": "binary:logistic",
        "eval_metric": "auc",
        "n_estimators": 478,
        "learning_rate": 0.021642589049382675,
        "max_depth": 9,
        "reg_alpha": 5.708895601772137,
        "reg_lambda": 4.7404531505337975,
        "tree_method": "hist",
        "random_state": 42,
        "verbosity": 0,
        "n_jobs": -1
    },
    "confusion_matrix": {
        "True_Positives": 3834,
        "False_Positives": 167,
        "True_Negatives": 3802,
        "False_Negatives": 156
    },
    "feature_importances_gain": {
        "": 0.008451919071376324,
        "runtimeMinutes": 0.012344124726951122,
        "numVotes": 0.004799969028681517,
        "startYear": 0.024029718711972237,
        "endYear": 0.0,
        "tmdb_popularity": 0.028487704694271088,
        "tmdb_vote_average": 0.7806071639060974,
        "tmdb_budget": 0.014627249911427498,
        "tmdb_revenue": 0.020644186064600945,
        "tmdb_primary_genre": 0.0340244360268116,
        "tmdb_original_language": 0.009209329262375832,
        "tmdb_origin_country": 0.034322261810302734,
        "tmdb_production_company": 0.0014222132740542293,
        "director_avg_centrality": 0.0033771228045225143,
        "director_count": 0.0014981954591348767,
        "writer_avg_centrality": 0.008547050878405571,
        "writer_count": 0.003487217705696821,
        "writer_writer_max_collab_weight": 0.004341122228652239,
        "writer_director_max_collab_weight": 0.005779008846729994
    }
}