{
    "metrics": {
        "roc_auc": 0.9795161246527758,
        "accuracy": 0.9460987561251414,
        "precision": 0.9465763732129421,
        "sensitivity": 0.9458646616541353,
        "specificity": 0.9463340891912321
    },
    "hyperparameters": {
        "objective": "binary:logistic",
        "eval_metric": "auc",
        "n_estimators": 188,
        "learning_rate": 0.03176666182027886,
        "max_depth": 10,
        "reg_alpha": 37.78289686484878,
        "reg_lambda": 17.42707131957978,
        "tree_method": "hist",
        "random_state": 42,
        "verbosity": 0,
        "n_jobs": -1
    },
    "confusion_matrix": {
        "True_Positives": 3774,
        "False_Positives": 213,
        "True_Negatives": 3756,
        "False_Negatives": 216
    },
    "feature_importances_gain": {
        "": 0.0016962545923888683,
        "runtimeMinutes": 0.010571314021945,
        "numVotes": 0.0027532170061022043,
        "startYear": 0.026336755603551865,
        "endYear": 0.0,
        "tmdb_popularity": 0.02280072122812271,
        "tmdb_vote_average": 0.8502963185310364,
        "tmdb_budget": 0.0007197121740318835,
        "tmdb_revenue": 0.02469603717327118,
        "tmdb_primary_genre": 0.029359713196754456,
        "tmdb_original_language": 0.005104796960949898,
        "tmdb_origin_country": 0.010462461039423943,
        "tmdb_production_company": 0.001044436008669436,
        "budget_revenue_ratio": 0.0032540413085371256,
        "votes_x_popularity": 0.0019415103597566485,
        "director_avg_centrality": 0.0003614353481680155,
        "director_count": 0.0018287929706275463,
        "writer_avg_centrality": 0.005011917557567358,
        "writer_count": 0.0,
        "writer_writer_max_collab_weight": 2.4510840376024134e-05,
        "writer_director_max_collab_weight": 0.0017360557103529572
    }
}