{
    "metrics": {
        "roc_auc": 0.9913591613197771,
        "accuracy": 0.9633119738660636,
        "precision": 0.959493041749503,
        "sensitivity": 0.9676691729323308,
        "specificity": 0.9589317208364827
    },
    "hyperparameters": {
        "objective": "binary:logistic",
        "eval_metric": "auc",
        "n_estimators": 386,
        "learning_rate": 0.07270138142515468,
        "max_depth": 3,
        "reg_alpha": 0.03357405355911225,
        "reg_lambda": 7.515608976347945,
        "tree_method": "hist",
        "random_state": 42,
        "verbosity": 0,
        "n_jobs": -1
    },
    "confusion_matrix": {
        "True_Positives": 3861,
        "False_Positives": 163,
        "True_Negatives": 3806,
        "False_Negatives": 129
    },
    "feature_importances_gain": {
        "": 0.0,
        "runtimeMinutes": 0.020163526758551598,
        "numVotes": 0.01162941474467516,
        "startYear": 0.04231854900717735,
        "endYear": 0.0,
        "tmdb_popularity": 0.043124645948410034,
        "tmdb_vote_average": 0.625052809715271,
        "tmdb_budget": 0.025775931775569916,
        "tmdb_revenue": 0.01774643175303936,
        "tmdb_primary_genre": 0.042403291910886765,
        "tmdb_original_language": 0.050277821719646454,
        "tmdb_origin_country": 0.040666140615940094,
        "tmdb_production_company": 0.016951652243733406,
        "director_avg_centrality": 0.010166623629629612,
        "director_count": 0.012961264699697495,
        "writer_avg_centrality": 0.006828906014561653,
        "writer_count": 0.008486796170473099,
        "writer_writer_max_collab_weight": 0.00657473923638463,
        "writer_director_max_collab_weight": 0.018871420994400978
    }
}