{
    "metrics": {
        "roc_auc": 0.9845363282229257,
        "accuracy": 0.943083301922352,
        "precision": 0.9460277427490542,
        "sensitivity": 0.9401002506265664,
        "specificity": 0.9460821365583271
    },
    "hyperparameters": {
        "objective": "binary:logistic",
        "eval_metric": "auc",
        "n_estimators": 592,
        "learning_rate": 0.21381595138676165,
        "max_depth": 6,
        "reg_alpha": 18.32465603231425,
        "reg_lambda": 34.10566066693105,
        "tree_method": "hist",
        "random_state": 42,
        "verbosity": 0,
        "n_jobs": -1
    },
    "confusion_matrix": {
        "True_Positives": 3751,
        "False_Positives": 214,
        "True_Negatives": 3755,
        "False_Negatives": 239
    },
    "feature_importances_gain": {
        "": 0.0015306381974369287,
        "runtimeMinutes": 0.0241587795317173,
        "numVotes": 0.005929431412369013,
        "startYear": 0.026560354977846146,
        "endYear": 0.0,
        "tmdb_popularity": 0.021011358126997948,
        "tmdb_vote_average": 0.7585926651954651,
        "tmdb_budget": 0.008886683732271194,
        "tmdb_revenue": 0.011428502388298512,
        "tmdb_primary_genre": 0.039125654846429825,
        "tmdb_original_language": 0.022310715168714523,
        "tmdb_origin_country": 0.024844197556376457,
        "tmdb_production_company": 0.0046533821150660515,
        "budget_revenue_ratio": 0.015047041699290276,
        "votes_x_popularity": 0.0033424405846744776,
        "director_avg_centrality": 0.004819008521735668,
        "director_count": 0.0051891738548874855,
        "writer_avg_centrality": 0.01445262786000967,
        "writer_count": 0.0014561015414074063,
        "writer_writer_max_collab_weight": 0.0043306248262524605,
        "writer_director_max_collab_weight": 0.0023305932991206646
    }
}