{
    "metrics": {
        "roc_auc": 0.9903963423297473,
        "accuracy": 0.9591657243372282,
        "precision": 0.957324681806838,
        "sensitivity": 0.9614035087719298,
        "specificity": 0.9569160997732427
    },
    "hyperparameters": {
        "objective": "binary:logistic",
        "eval_metric": "auc",
        "n_estimators": 74,
        "learning_rate": 0.24763781190022366,
        "max_depth": 5,
        "reg_alpha": 4.690506326925984,
        "reg_lambda": 0.5759113096558888,
        "tree_method": "hist",
        "random_state": 42,
        "verbosity": 0,
        "n_jobs": -1
    },
    "confusion_matrix": {
        "True_Positives": 3836,
        "False_Positives": 171,
        "True_Negatives": 3798,
        "False_Negatives": 154
    },
    "feature_importances_gain": {
        "": 0.003888470819219947,
        "runtimeMinutes": 0.01626087911427021,
        "numVotes": 0.008102187886834145,
        "startYear": 0.028385797515511513,
        "endYear": 0.0,
        "tmdb_popularity": 0.03480498492717743,
        "tmdb_vote_average": 0.7144582867622375,
        "tmdb_budget": 0.02048894390463829,
        "tmdb_revenue": 0.022690391167998314,
        "tmdb_primary_genre": 0.03698950260877609,
        "tmdb_original_language": 0.01753080077469349,
        "tmdb_origin_country": 0.043684396892786026,
        "tmdb_production_company": 0.006120999343693256,
        "director_avg_centrality": 0.00880708172917366,
        "director_count": 0.005968451499938965,
        "writer_avg_centrality": 0.010002771392464638,
        "writer_count": 0.003977437037974596,
        "writer_writer_max_collab_weight": 0.0031936075538396835,
        "writer_director_max_collab_weight": 0.014645032584667206
    }
}