{
    "metrics": {
        "roc_auc": 0.991476549777063,
        "accuracy": 0.9628093981655987,
        "precision": 0.959910358565737,
        "sensitivity": 0.9661654135338346,
        "specificity": 0.9594356261022927
    },
    "hyperparameters": {
        "objective": "binary:logistic",
        "eval_metric": "auc",
        "n_estimators": 363,
        "learning_rate": 0.27656281621605877,
        "max_depth": 7,
        "reg_alpha": 0.959092626801597,
        "reg_lambda": 11.608514549658025,
        "tree_method": "hist",
        "random_state": 42,
        "verbosity": 0,
        "n_jobs": -1
    },
    "confusion_matrix": {
        "True_Positives": 3855,
        "False_Positives": 161,
        "True_Negatives": 3808,
        "False_Negatives": 135
    },
    "feature_importances_gain": {
        "": 0.0,
        "runtimeMinutes": 0.01326256338506937,
        "numVotes": 0.008577113971114159,
        "startYear": 0.03499423712491989,
        "endYear": 0.0,
        "tmdb_popularity": 0.027289116755127907,
        "tmdb_vote_average": 0.6349326372146606,
        "tmdb_budget": 0.017392398789525032,
        "tmdb_revenue": 0.026794586330652237,
        "tmdb_primary_genre": 0.06152421608567238,
        "tmdb_original_language": 0.04837498441338539,
        "tmdb_origin_country": 0.05175010859966278,
        "tmdb_production_company": 0.010370095260441303,
        "budget_revenue_ratio": 0.006461989134550095,
        "votes_x_popularity": 0.010931501165032387,
        "director_avg_centrality": 0.0072192237712442875,
        "director_count": 0.008606011979281902,
        "writer_avg_centrality": 0.009829234331846237,
        "writer_count": 0.007266201078891754,
        "writer_writer_max_collab_weight": 0.006481486838310957,
        "writer_director_max_collab_weight": 0.007942327298223972
    }
}