{
    "metrics": {
        "roc_auc": 0.9808829834727913,
        "accuracy": 0.9469782636009549,
        "precision": 0.9484665661136249,
        "sensitivity": 0.9456140350877194,
        "specificity": 0.9483497102544721
    },
    "hyperparameters": {
        "objective": "binary:logistic",
        "eval_metric": "auc",
        "n_estimators": 291,
        "learning_rate": 0.023776749513722505,
        "max_depth": 6,
        "reg_alpha": 31.2577318402027,
        "reg_lambda": 28.44262873790195,
        "tree_method": "hist",
        "random_state": 42,
        "verbosity": 0,
        "n_jobs": -1
    },
    "confusion_matrix": {
        "True_Positives": 3773,
        "False_Positives": 205,
        "True_Negatives": 3764,
        "False_Negatives": 217
    },
    "feature_importances_gain": {
        "": 0.0019986233673989773,
        "runtimeMinutes": 0.009509468451142311,
        "numVotes": 0.0034981316421180964,
        "startYear": 0.023048367351293564,
        "endYear": 0.0,
        "tmdb_popularity": 0.021929150447249413,
        "tmdb_vote_average": 0.8403484225273132,
        "tmdb_budget": 0.0013773873215541244,
        "tmdb_revenue": 0.018924042582511902,
        "tmdb_primary_genre": 0.03971559926867485,
        "tmdb_original_language": 0.009633070789277554,
        "tmdb_origin_country": 0.014008775353431702,
        "tmdb_production_company": 0.0010183572303503752,
        "budget_revenue_ratio": 0.003770914627239108,
        "votes_x_popularity": 0.0019490733975544572,
        "director_avg_centrality": 0.00028362293960526586,
        "director_count": 0.0017562743742018938,
        "writer_avg_centrality": 0.005306902341544628,
        "writer_count": 0.0,
        "writer_writer_max_collab_weight": 0.0004757832211907953,
        "writer_director_max_collab_weight": 0.0014480049721896648
    }
}