{
    "metrics": {
        "roc_auc": 0.9881857929387934,
        "accuracy": 0.9508788449466415,
        "precision": 0.9467084639498433,
        "sensitivity": 0.9444058373870744,
        "specificity": 0.9562106468231254
    },
    "hyperparameters": {
        "objective": "binary:logistic",
        "eval_metric": "auc",
        "n_estimators": 386,
        "learning_rate": 0.11173346349398251,
        "max_depth": 9,
        "reg_alpha": 9.26711391022013,
        "reg_lambda": 2.783325902345112,
        "tree_method": "hist",
        "random_state": 42,
        "verbosity": 0,
        "n_jobs": -1
    },
    "confusion_matrix": {
        "True_Positives": 2718,
        "False_Positives": 153,
        "True_Negatives": 3341,
        "False_Negatives": 160
    },
    "feature_importances_gain": {
        "runtimeMinutes": 0.013461418449878693,
        "numVotes": 0.00906996987760067,
        "startYear": 0.02442510984838009,
        "endYear": 0.0,
        "director_avg_centrality": 0.0021110258530825377,
        "director_count": 0.007315796334296465,
        "writer_avg_centrality": 0.013753200881183147,
        "writer_count": 0.00421866774559021,
        "writer_writer_max_collab_weight": 0.007154940627515316,
        "writer_director_max_collab_weight": 0.0032734351698309183,
        "tmdb_popularity": 0.03324897959828377,
        "tmdb_vote_average": 0.693566083908081,
        "tmdb_budget": 0.008200781419873238,
        "tmdb_revenue": 0.034768979996442795,
        "tmdb_primary_genre": 0.042377788573503494,
        "tmdb_production_company": 0.020645469427108765,
        "tmdb_success": 0.0,
        "tmdb_primary_genre_svd_0": 0.008500955998897552,
        "tmdb_primary_genre_svd_1": 0.035187289118766785,
        "tmdb_primary_genre_svd_2": 0.015208134427666664,
        "tmdb_primary_genre_svd_3": 0.006819302681833506,
        "tmdb_primary_genre_svd_4": 0.01669270358979702
    }
}