{
    "metrics": {
        "roc_auc": 0.9842467460349976,
        "accuracy": 0.9439736346516008,
        "precision": 0.9399650959860384,
        "sensitivity": 0.9357192494788047,
        "specificity": 0.9507727532913566
    },
    "hyperparameters": {
        "objective": "binary:logistic",
        "eval_metric": "auc",
        "n_estimators": 63,
        "learning_rate": 0.045156300270486005,
        "max_depth": 3,
        "reg_alpha": 8.566301463239583,
        "reg_lambda": 5.554206542221394,
        "tree_method": "hist",
        "random_state": 42,
        "verbosity": 0,
        "n_jobs": -1
    },
    "confusion_matrix": {
        "True_Positives": 2693,
        "False_Positives": 172,
        "True_Negatives": 3322,
        "False_Negatives": 185
    },
    "feature_importances_gain": {
        "runtimeMinutes": 0.028179209679365158,
        "numVotes": 0.006807237863540649,
        "startYear": 0.04143575578927994,
        "endYear": 0.0,
        "director_avg_centrality": 0.0,
        "director_count": 0.0,
        "writer_avg_centrality": 0.0233321413397789,
        "writer_count": 0.0,
        "writer_writer_max_collab_weight": 0.0,
        "writer_director_max_collab_weight": 0.0,
        "tmdb_popularity": 0.04421338066458702,
        "tmdb_vote_average": 0.6567482948303223,
        "tmdb_budget": 0.017477352172136307,
        "tmdb_revenue": 0.033352382481098175,
        "tmdb_primary_genre": 0.051007047295570374,
        "tmdb_production_company": 0.034953996539115906,
        "tmdb_success": 0.0,
        "tmdb_primary_genre_svd_0": 0.010611460544168949,
        "tmdb_primary_genre_svd_1": 0.014388554729521275,
        "tmdb_primary_genre_svd_2": 0.01622380129992962,
        "tmdb_primary_genre_svd_3": 0.0,
        "tmdb_primary_genre_svd_4": 0.021269336342811584
    }
}