{
    "metrics": {
        "roc_auc": 0.9596494317867661,
        "accuracy": 0.9336158192090396,
        "precision": 0.9410707869205893,
        "sensitivity": 0.9100069492703267,
        "specificity": 0.953062392673154
    },
    "hyperparameters": {
        "objective": "binary:logistic",
        "eval_metric": "auc",
        "n_estimators": 454,
        "learning_rate": 0.011755550880070308,
        "max_depth": 4,
        "reg_alpha": 6.258434154556025,
        "reg_lambda": 8.224849831067345,
        "tree_method": "hist",
        "random_state": 42,
        "verbosity": 0,
        "n_jobs": -1
    },
    "confusion_matrix": {
        "True_Positives": 2619,
        "False_Positives": 164,
        "True_Negatives": 3330,
        "False_Negatives": 259
    },
    "feature_importances_gain": {
        "runtimeMinutes": 0.0016652465565130115,
        "numVotes": 0.0003287136205472052,
        "startYear": 0.005304952617734671,
        "endYear": 0.0,
        "director_avg_centrality": 0.0,
        "director_count": 0.0,
        "writer_avg_centrality": 0.012382439337670803,
        "writer_count": 0.0,
        "writer_writer_max_collab_weight": 0.0,
        "writer_director_max_collab_weight": 0.0,
        "tmdb_popularity": 0.01844475232064724,
        "tmdb_vote_average": 0.9188010692596436,
        "tmdb_budget": 0.0,
        "tmdb_revenue": 0.0017296257428824902,
        "tmdb_primary_genre": 0.009569263085722923,
        "tmdb_production_company": 0.0,
        "tmdb_success": 0.0,
        "tmdb_primary_genre_svd_0": 0.0011618376011028886,
        "tmdb_primary_genre_svd_1": 0.005748165771365166,
        "tmdb_primary_genre_svd_2": 0.016636407002806664,
        "tmdb_primary_genre_svd_3": 0.0,
        "tmdb_primary_genre_svd_4": 0.008227565325796604
    }
}