{
    "metrics": {
        "roc_auc": 0.9846992765360112,
        "accuracy": 0.9537630355572309,
        "precision": 0.9516209476309226,
        "sensitivity": 0.956390977443609,
        "specificity": 0.9511211892164273
    },
    "hyperparameters": {
        "objective": "binary:logistic",
        "eval_metric": "auc",
        "n_estimators": 178,
        "learning_rate": 0.023307716047503896,
        "max_depth": 8,
        "reg_alpha": 9.482346981743817,
        "reg_lambda": 6.500315967897773,
        "tree_method": "hist",
        "random_state": 42,
        "verbosity": 0,
        "n_jobs": -1
    },
    "confusion_matrix": {
        "True_Positives": 3816,
        "False_Positives": 194,
        "True_Negatives": 3775,
        "False_Negatives": 174
    },
    "feature_importances_gain": {
        "": 0.003541573416441679,
        "runtimeMinutes": 0.01469492632895708,
        "numVotes": 0.0022978447377681732,
        "startYear": 0.020578227937221527,
        "endYear": 0.0,
        "tmdb_popularity": 0.024303844198584557,
        "tmdb_vote_average": 0.8376427888870239,
        "tmdb_budget": 0.012023082002997398,
        "tmdb_revenue": 0.02178681641817093,
        "tmdb_primary_genre": 0.030538201332092285,
        "tmdb_production_company": 0.008794596418738365,
        "tmdb_success": 0.0,
        "tmdb_primary_genre_encoded": 0.006288644392043352,
        "director_avg_centrality": 0.0020673442631959915,
        "director_count": 0.0005789119750261307,
        "writer_avg_centrality": 0.005968926940113306,
        "writer_count": 0.0015830446500331163,
        "writer_writer_max_collab_weight": 0.002688466804102063,
        "writer_director_max_collab_weight": 0.004622794687747955
    }
}