{
    "metrics": {
        "roc_auc": 0.9847906172586921,
        "accuracy": 0.9432089458474683,
        "precision": 0.9458165322580645,
        "sensitivity": 0.9406015037593985,
        "specificity": 0.9458301839254221
    },
    "hyperparameters": {
        "objective": "binary:logistic",
        "eval_metric": "auc",
        "n_estimators": 527,
        "learning_rate": 0.19790476085228415,
        "max_depth": 4,
        "reg_alpha": 15.716629731386103,
        "reg_lambda": 16.374386908132806,
        "tree_method": "hist",
        "random_state": 42,
        "verbosity": 0,
        "n_jobs": -1
    },
    "confusion_matrix": {
        "True_Positives": 3753,
        "False_Positives": 215,
        "True_Negatives": 3754,
        "False_Negatives": 237
    },
    "feature_importances_gain": {
        "": 0.0,
        "runtimeMinutes": 0.025295251980423927,
        "numVotes": 0.007977576926350594,
        "startYear": 0.025742800906300545,
        "endYear": 0.0,
        "tmdb_popularity": 0.031919997185468674,
        "tmdb_vote_average": 0.7471796274185181,
        "tmdb_budget": 0.008042910136282444,
        "tmdb_revenue": 0.015952492132782936,
        "tmdb_primary_genre": 0.036124080419540405,
        "tmdb_original_language": 0.035985805094242096,
        "tmdb_origin_country": 0.026534931734204292,
        "tmdb_production_company": 0.0018807905726134777,
        "budget_revenue_ratio": 0.01300929393619299,
        "votes_x_popularity": 0.0027726683765649796,
        "director_avg_centrality": 0.001565940328873694,
        "director_count": 0.0,
        "writer_avg_centrality": 0.01403194759041071,
        "writer_count": 0.0024734598118811846,
        "writer_writer_max_collab_weight": 0.0018829454202204943,
        "writer_director_max_collab_weight": 0.0016274104127660394
    }
}