{
    "metrics": {
        "roc_auc": 0.9907434875927538,
        "accuracy": 0.9604221635883905,
        "precision": 0.958343726615116,
        "sensitivity": 0.962907268170426,
        "specificity": 0.9579239103048627
    },
    "hyperparameters": {
        "objective": "binary:logistic",
        "eval_metric": "auc",
        "n_estimators": 183,
        "learning_rate": 0.20886617247387212,
        "max_depth": 4,
        "reg_alpha": 6.594504122484272,
        "reg_lambda": 9.277125657379312,
        "tree_method": "hist",
        "random_state": 42,
        "verbosity": 0,
        "n_jobs": -1
    },
    "confusion_matrix": {
        "True_Positives": 3842,
        "False_Positives": 167,
        "True_Negatives": 3802,
        "False_Negatives": 148
    },
    "feature_importances_gain": {
        "": 0.007621604483574629,
        "runtimeMinutes": 0.01663908176124096,
        "numVotes": 0.00762245524674654,
        "startYear": 0.028028979897499084,
        "endYear": 0.0,
        "tmdb_popularity": 0.03084569424390793,
        "tmdb_vote_average": 0.7438298463821411,
        "tmdb_budget": 0.015423599630594254,
        "tmdb_revenue": 0.019331498071551323,
        "tmdb_primary_genre": 0.03852637857198715,
        "tmdb_original_language": 0.006714763585478067,
        "tmdb_origin_country": 0.05388697609305382,
        "tmdb_production_company": 0.002037832047790289,
        "director_avg_centrality": 0.0036853374913334846,
        "director_count": 0.0036750168073922396,
        "writer_avg_centrality": 0.01121127512305975,
        "writer_count": 0.0005887670558877289,
        "writer_writer_max_collab_weight": 0.0,
        "writer_director_max_collab_weight": 0.010330905206501484
    }
}