{
    "metrics": {
        "roc_auc": 0.9865399732566149,
        "accuracy": 0.9518987341772152,
        "precision": 0.9424184261036468,
        "sensitivity": 0.9478764478764479,
        "specificity": 0.9550224887556222
    },
    "hyperparameters": {
        "objective": "binary:logistic",
        "eval_metric": "auc",
        "n_estimators": 414,
        "learning_rate": 0.11511448475397011,
        "max_depth": 3,
        "reg_alpha": 0.05328004089887095,
        "reg_lambda": 0.0776473496340635,
        "tree_method": "hist",
        "random_state": 42,
        "verbosity": 0,
        "n_jobs": -1
    },
    "confusion_matrix": {
        "True_Positives": 2455,
        "False_Positives": 150,
        "True_Negatives": 3185,
        "False_Negatives": 135
    },
    "feature_importances_gain": {
        "runtimeMinutes": 0.027119040489196777,
        "numVotes": 0.01583019271492958,
        "startYear": 0.0437527596950531,
        "endYear": 0.0,
        "director_avg_centrality": 0.0145187396556139,
        "director_count": 0.0,
        "writer_avg_centrality": 0.027410702779889107,
        "writer_count": 0.011142618022859097,
        "writer_writer_max_collab_weight": 0.013331102207303047,
        "writer_director_max_collab_weight": 0.022426359355449677,
        "tmdb_popularity": 0.04112578555941582,
        "tmdb_vote_average": 0.6008734703063965,
        "tmdb_budget": 0.030119290575385094,
        "tmdb_revenue": 0.02098899893462658,
        "tmdb_primary_genre": 0.051543381065130234,
        "tmdb_production_company": 0.017800334841012955,
        "tmdb_success": 0.0,
        "tmdb_primary_genre_svd_0": 0.013966822996735573,
        "tmdb_primary_genre_svd_1": 0.023927612230181694,
        "tmdb_primary_genre_svd_2": 0.002249656245112419,
        "tmdb_primary_genre_svd_3": 0.0,
        "tmdb_primary_genre_svd_4": 0.0218731090426445
    }
}