{
    "metrics": {
        "roc_auc": 0.9912407625261188,
        "accuracy": 0.9620555346149013,
        "precision": 0.9596211365902293,
        "sensitivity": 0.9649122807017544,
        "specificity": 0.9591836734693877
    },
    "hyperparameters": {
        "objective": "binary:logistic",
        "eval_metric": "auc",
        "n_estimators": 388,
        "learning_rate": 0.15330148319850875,
        "max_depth": 8,
        "reg_alpha": 1.3859002644447524,
        "reg_lambda": 8.309820854184956,
        "tree_method": "hist",
        "random_state": 42,
        "verbosity": 0,
        "n_jobs": -1
    },
    "confusion_matrix": {
        "True_Positives": 3850,
        "False_Positives": 162,
        "True_Negatives": 3807,
        "False_Negatives": 140
    },
    "feature_importances_gain": {
        "": 0.0,
        "runtimeMinutes": 0.012492603622376919,
        "numVotes": 0.00823286920785904,
        "startYear": 0.03341912850737572,
        "endYear": 0.0,
        "tmdb_popularity": 0.02738240920007229,
        "tmdb_vote_average": 0.6696802973747253,
        "tmdb_budget": 0.021827759221196175,
        "tmdb_revenue": 0.02079050801694393,
        "tmdb_primary_genre": 0.05516638606786728,
        "tmdb_original_language": 0.0453340969979763,
        "tmdb_origin_country": 0.033733516931533813,
        "tmdb_production_company": 0.012711224146187305,
        "director_avg_centrality": 0.010404441505670547,
        "director_count": 0.010570845566689968,
        "writer_avg_centrality": 0.01049257442355156,
        "writer_count": 0.009662060998380184,
        "writer_writer_max_collab_weight": 0.005923215299844742,
        "writer_director_max_collab_weight": 0.012176119722425938
    }
}