{
    "metrics": {
        "roc_auc": 0.9885287813955265,
        "accuracy": 0.9522912743251726,
        "precision": 0.9453287197231834,
        "sensitivity": 0.9492703266157053,
        "specificity": 0.954779622209502
    },
    "hyperparameters": {
        "objective": "binary:logistic",
        "eval_metric": "auc",
        "n_estimators": 164,
        "learning_rate": 0.08063004065183604,
        "max_depth": 5,
        "reg_alpha": 7.758585036542687,
        "reg_lambda": 2.377643711629439,
        "tree_method": "hist",
        "random_state": 42,
        "verbosity": 0,
        "n_jobs": -1
    },
    "confusion_matrix": {
        "True_Positives": 2732,
        "False_Positives": 158,
        "True_Negatives": 3336,
        "False_Negatives": 146
    },
    "feature_importances_gain": {
        "runtimeMinutes": 0.01593410223722458,
        "numVotes": 0.011605300940573215,
        "startYear": 0.024707037955522537,
        "endYear": 0.0,
        "director_avg_centrality": 0.0,
        "director_count": 0.006392577663064003,
        "writer_avg_centrality": 0.015587998554110527,
        "writer_count": 0.0032867426052689552,
        "writer_writer_max_collab_weight": 0.00825636275112629,
        "writer_director_max_collab_weight": 0.004222245421260595,
        "tmdb_popularity": 0.04088917002081871,
        "tmdb_vote_average": 0.6666811108589172,
        "tmdb_budget": 0.01222054474055767,
        "tmdb_revenue": 0.033451735973358154,
        "tmdb_primary_genre": 0.05012454465031624,
        "tmdb_production_company": 0.023166703060269356,
        "tmdb_success": 0.0,
        "tmdb_primary_genre_svd_0": 0.008957982994616032,
        "tmdb_primary_genre_svd_1": 0.02993083745241165,
        "tmdb_primary_genre_svd_2": 0.01997869834303856,
        "tmdb_primary_genre_svd_3": 0.005794194992631674,
        "tmdb_primary_genre_svd_4": 0.018812071532011032
    }
}