{
    "metrics": {
        "roc_auc": 0.9909828110210018,
        "accuracy": 0.9597939439628094,
        "precision": 0.9569223107569721,
        "sensitivity": 0.9631578947368421,
        "specificity": 0.9564121945074326
    },
    "hyperparameters": {
        "objective": "binary:logistic",
        "eval_metric": "auc",
        "n_estimators": 64,
        "learning_rate": 0.1350534038731966,
        "max_depth": 5,
        "reg_alpha": 2.8842522711325342,
        "reg_lambda": 7.2973347396421815,
        "tree_method": "hist",
        "random_state": 42,
        "verbosity": 0,
        "n_jobs": -1
    },
    "confusion_matrix": {
        "True_Positives": 3843,
        "False_Positives": 173,
        "True_Negatives": 3796,
        "False_Negatives": 147
    },
    "feature_importances_gain": {
        "": 0.008569176308810711,
        "runtimeMinutes": 0.012346409261226654,
        "numVotes": 0.007122955750674009,
        "startYear": 0.024338815361261368,
        "endYear": 0.0,
        "tmdb_popularity": 0.03430541604757309,
        "tmdb_vote_average": 0.6907718777656555,
        "tmdb_budget": 0.018176693469285965,
        "tmdb_revenue": 0.021239513531327248,
        "tmdb_primary_genre": 0.05609646439552307,
        "tmdb_original_language": 0.039447516202926636,
        "tmdb_origin_country": 0.03423232585191727,
        "tmdb_production_company": 0.006462581921368837,
        "director_avg_centrality": 0.008769918233156204,
        "director_count": 0.00465133273974061,
        "writer_avg_centrality": 0.012371523305773735,
        "writer_count": 0.008770757354795933,
        "writer_writer_max_collab_weight": 0.0027403822168707848,
        "writer_director_max_collab_weight": 0.009586319327354431
    }
}