{
    "metrics": {
        "roc_auc": 0.9855129130460316,
        "accuracy": 0.9455961804246764,
        "precision": 0.9425230156755412,
        "sensitivity": 0.9493734335839599,
        "specificity": 0.9417989417989417
    },
    "hyperparameters": {
        "objective": "binary:logistic",
        "eval_metric": "auc",
        "n_estimators": 428,
        "learning_rate": 0.2901761372382736,
        "max_depth": 5,
        "reg_alpha": 0.2296939677789691,
        "reg_lambda": 37.66736673377706,
        "tree_method": "hist",
        "random_state": 42,
        "verbosity": 0,
        "n_jobs": -1
    },
    "confusion_matrix": {
        "True_Positives": 3788,
        "False_Positives": 231,
        "True_Negatives": 3738,
        "False_Negatives": 202
    },
    "feature_importances_gain": {
        "": 0.009104915894567966,
        "runtimeMinutes": 0.020990222692489624,
        "numVotes": 0.010135198011994362,
        "startYear": 0.0433153435587883,
        "endYear": 0.0,
        "tmdb_popularity": 0.037028249353170395,
        "tmdb_vote_average": 0.6134052276611328,
        "tmdb_budget": 0.016611915081739426,
        "tmdb_revenue": 0.020769909024238586,
        "tmdb_primary_genre": 0.044620413333177567,
        "tmdb_original_language": 0.06599773466587067,
        "tmdb_origin_country": 0.024948524311184883,
        "tmdb_production_company": 0.005222601350396872,
        "budget_revenue_ratio": 0.02179226092994213,
        "votes_x_popularity": 0.006821541115641594,
        "director_avg_centrality": 0.008583949878811836,
        "director_count": 0.008608014322817326,
        "writer_avg_centrality": 0.01687832549214363,
        "writer_count": 0.007514157332479954,
        "writer_writer_max_collab_weight": 0.0066713797859847546,
        "writer_director_max_collab_weight": 0.010980057530105114
    }
}