{
    "metrics": {
        "roc_auc": 0.9869978137842178,
        "accuracy": 0.9518204645323289,
        "precision": 0.9437348981705213,
        "sensitivity": 0.9499652536483669,
        "specificity": 0.9533485975958786
    },
    "hyperparameters": {
        "objective": "binary:logistic",
        "eval_metric": "auc",
        "n_estimators": 285,
        "learning_rate": 0.04173439486214301,
        "max_depth": 4,
        "reg_alpha": 0.9890740653659635,
        "reg_lambda": 5.071793323494638,
        "tree_method": "hist",
        "random_state": 42,
        "verbosity": 0,
        "n_jobs": -1
    },
    "confusion_matrix": {
        "True_Positives": 2734,
        "False_Positives": 163,
        "True_Negatives": 3331,
        "False_Negatives": 144
    },
    "feature_importances_gain": {
        "runtimeMinutes": 0.021383805200457573,
        "numVotes": 0.014125887304544449,
        "startYear": 0.038605306297540665,
        "endYear": 0.0,
        "director_avg_centrality": 0.012386591173708439,
        "director_count": 0.013754689134657383,
        "writer_avg_centrality": 0.01693303883075714,
        "writer_count": 0.004552505444735289,
        "writer_writer_max_collab_weight": 0.01517082192003727,
        "writer_director_max_collab_weight": 0.007013458292931318,
        "tmdb_popularity": 0.04684636369347572,
        "tmdb_vote_average": 0.6126670837402344,
        "tmdb_budget": 0.020436741411685944,
        "tmdb_revenue": 0.03531849756836891,
        "tmdb_primary_genre": 0.04751594737172127,
        "tmdb_production_company": 0.0315248966217041,
        "tmdb_success": 0.0,
        "tmdb_primary_genre_svd_0": 0.006901697255671024,
        "tmdb_primary_genre_svd_1": 0.01686852239072323,
        "tmdb_primary_genre_svd_2": 0.009499342180788517,
        "tmdb_primary_genre_svd_3": 0.010097626596689224,
        "tmdb_primary_genre_svd_4": 0.018397172912955284
    }
}