{
    "metrics": {
        "roc_auc": 0.9878873285771427,
        "accuracy": 0.949020931802836,
        "precision": 0.9409494403705133,
        "sensitivity": 0.9424043293390028,
        "specificity": 0.9541504345220257
    },
    "hyperparameters": {
        "objective": "binary:logistic",
        "eval_metric": "auc",
        "n_estimators": 287,
        "learning_rate": 0.25297668343834145,
        "max_depth": 3,
        "reg_alpha": 8.643528379557933,
        "reg_lambda": 8.319336795125952,
        "tree_method": "hist",
        "random_state": 42,
        "verbosity": 0,
        "n_jobs": -1
    },
    "confusion_matrix": {
        "True_Positives": 2438,
        "False_Positives": 153,
        "True_Negatives": 3184,
        "False_Negatives": 149
    },
    "feature_importances_gain": {
        "": 0.0,
        "runtimeMinutes": 0.02670801617205143,
        "numVotes": 0.013500976376235485,
        "startYear": 0.032258760184049606,
        "endYear": 0.0,
        "tmdb_popularity": 0.04183720052242279,
        "tmdb_vote_average": 0.7436103820800781,
        "tmdb_budget": 0.021647952497005463,
        "tmdb_revenue": 0.011741609312593937,
        "tmdb_primary_genre": 0.05809580162167549,
        "tmdb_production_company": 0.011668175458908081,
        "tmdb_success": 0.0,
        "tmdb_primary_genre_encoded": 0.004740036092698574,
        "director_avg_centrality": 0.005301645025610924,
        "director_count": 0.002328002592548728,
        "writer_avg_centrality": 0.024969639256596565,
        "writer_count": 0.0,
        "writer_writer_max_collab_weight": 0.0015911299269646406,
        "writer_director_max_collab_weight": 5.670013933922746e-07
    }
}