{
    "metrics": {
        "roc_auc": 0.9890763062859971,
        "accuracy": 0.9545168991079281,
        "precision": 0.9544088176352705,
        "sensitivity": 0.9548872180451128,
        "specificity": 0.9541446208112875
    },
    "hyperparameters": {
        "objective": "binary:logistic",
        "eval_metric": "auc",
        "n_estimators": 506,
        "learning_rate": 0.05289431367051604,
        "max_depth": 4,
        "reg_alpha": 18.417268597549164,
        "reg_lambda": 10.112399899573465,
        "tree_method": "hist",
        "random_state": 42,
        "verbosity": 0,
        "n_jobs": -1
    },
    "confusion_matrix": {
        "True_Positives": 3810,
        "False_Positives": 182,
        "True_Negatives": 3787,
        "False_Negatives": 180
    },
    "feature_importances_gain": {
        "": 0.005027448292821646,
        "runtimeMinutes": 0.01591903530061245,
        "numVotes": 0.00650780089199543,
        "startYear": 0.026936328038573265,
        "endYear": 0.0,
        "tmdb_popularity": 0.03327251970767975,
        "tmdb_vote_average": 0.7542928457260132,
        "tmdb_budget": 0.00994289293885231,
        "tmdb_revenue": 0.0322418175637722,
        "tmdb_primary_genre": 0.045095790177583694,
        "tmdb_original_language": 0.007010988891124725,
        "tmdb_origin_country": 0.027401356026530266,
        "tmdb_production_company": 0.0048061818815767765,
        "budget_revenue_ratio": 0.0036083359736949205,
        "votes_x_popularity": 0.0017887286376208067,
        "director_avg_centrality": 0.005838558543473482,
        "director_count": 0.005608491599559784,
        "writer_avg_centrality": 0.00857958011329174,
        "writer_count": 0.0,
        "writer_writer_max_collab_weight": 0.0017977834213525057,
        "writer_director_max_collab_weight": 0.004323618020862341
    }
}