{
    "metrics": {
        "roc_auc": 0.9827507481225107,
        "accuracy": 0.9384344766930519,
        "precision": 0.9405840886203424,
        "sensitivity": 0.9363408521303258,
        "specificity": 0.9405391786344167
    },
    "hyperparameters": {
        "objective": "binary:logistic",
        "eval_metric": "auc",
        "n_estimators": 154,
        "learning_rate": 0.13386204857559506,
        "max_depth": 6,
        "reg_alpha": 30.873618847254743,
        "reg_lambda": 20.957578301728944,
        "tree_method": "hist",
        "random_state": 42,
        "verbosity": 0,
        "n_jobs": -1
    },
    "confusion_matrix": {
        "True_Positives": 3736,
        "False_Positives": 236,
        "True_Negatives": 3733,
        "False_Negatives": 254
    },
    "feature_importances_gain": {
        "": 0.0009580185869708657,
        "runtimeMinutes": 0.024420132860541344,
        "numVotes": 0.005225625820457935,
        "startYear": 0.031356081366539,
        "endYear": 0.0,
        "tmdb_popularity": 0.017064547166228294,
        "tmdb_vote_average": 0.7960851788520813,
        "tmdb_budget": 0.005538530647754669,
        "tmdb_revenue": 0.01718240976333618,
        "tmdb_primary_genre": 0.016472861170768738,
        "tmdb_original_language": 0.021410005167126656,
        "tmdb_origin_country": 0.0242186039686203,
        "tmdb_production_company": 0.0035703217145055532,
        "budget_revenue_ratio": 0.011345744132995605,
        "votes_x_popularity": 0.003219809615984559,
        "director_avg_centrality": 0.0037275736685842276,
        "director_count": 0.0008257842273451388,
        "writer_avg_centrality": 0.015970546752214432,
        "writer_count": 0.00035475424374453723,
        "writer_writer_max_collab_weight": 0.0,
        "writer_director_max_collab_weight": 0.0010534877656027675
    }
}