{
    "metrics": {
        "roc_auc": 0.9912680731811894,
        "accuracy": 0.9595426561125769,
        "precision": 0.957356608478803,
        "sensitivity": 0.962155388471178,
        "specificity": 0.9569160997732427
    },
    "hyperparameters": {
        "objective": "binary:logistic",
        "eval_metric": "auc",
        "n_estimators": 158,
        "learning_rate": 0.18128420000569628,
        "max_depth": 5,
        "reg_alpha": 5.11198664719928,
        "reg_lambda": 3.2991915977934534,
        "tree_method": "hist",
        "random_state": 42,
        "verbosity": 0,
        "n_jobs": -1
    },
    "confusion_matrix": {
        "True_Positives": 3839,
        "False_Positives": 171,
        "True_Negatives": 3798,
        "False_Negatives": 151
    },
    "feature_importances_gain": {
        "": 0.007100108079612255,
        "runtimeMinutes": 0.011122172698378563,
        "numVotes": 0.008162938058376312,
        "startYear": 0.026731856167316437,
        "endYear": 0.0,
        "tmdb_popularity": 0.03533953055739403,
        "tmdb_vote_average": 0.727258563041687,
        "tmdb_budget": 0.015102677047252655,
        "tmdb_revenue": 0.022459758445620537,
        "tmdb_primary_genre": 0.049447331577539444,
        "tmdb_original_language": 0.01765552908182144,
        "tmdb_origin_country": 0.02925747074186802,
        "tmdb_production_company": 0.008967133238911629,
        "director_avg_centrality": 0.0049419100396335125,
        "director_count": 0.00565760163590312,
        "writer_avg_centrality": 0.010176540352404118,
        "writer_count": 0.007299358490854502,
        "writer_writer_max_collab_weight": 0.0037146261893212795,
        "writer_director_max_collab_weight": 0.00960488710552454
    }
}