{
    "metrics": {
        "roc_auc": 0.9881873840710949,
        "accuracy": 0.9519774011299436,
        "precision": 0.9459084604715673,
        "sensitivity": 0.9478804725503822,
        "specificity": 0.9553520320549513
    },
    "hyperparameters": {
        "objective": "binary:logistic",
        "eval_metric": "auc",
        "n_estimators": 488,
        "learning_rate": 0.07014081070940813,
        "max_depth": 8,
        "reg_alpha": 9.908149226840576,
        "reg_lambda": 3.7874838476908943,
        "tree_method": "hist",
        "random_state": 42,
        "verbosity": 0,
        "n_jobs": -1
    },
    "confusion_matrix": {
        "True_Positives": 2728,
        "False_Positives": 156,
        "True_Negatives": 3338,
        "False_Negatives": 150
    },
    "feature_importances_gain": {
        "runtimeMinutes": 0.0129816560074687,
        "numVotes": 0.008795716799795628,
        "startYear": 0.0245938953012228,
        "endYear": 0.0,
        "director_avg_centrality": 0.0022567161358892918,
        "director_count": 0.006787293124943972,
        "writer_avg_centrality": 0.011180499568581581,
        "writer_count": 0.003382128896191716,
        "writer_writer_max_collab_weight": 0.007575098890811205,
        "writer_director_max_collab_weight": 0.0034820905420929193,
        "tmdb_popularity": 0.03474931791424751,
        "tmdb_vote_average": 0.6977364420890808,
        "tmdb_budget": 0.00785928126424551,
        "tmdb_revenue": 0.03136847913265228,
        "tmdb_primary_genre": 0.039103951305150986,
        "tmdb_production_company": 0.023536155000329018,
        "tmdb_success": 0.0,
        "tmdb_primary_genre_svd_0": 0.00889337807893753,
        "tmdb_primary_genre_svd_1": 0.03671305254101753,
        "tmdb_primary_genre_svd_2": 0.015241874381899834,
        "tmdb_primary_genre_svd_3": 0.007665745448321104,
        "tmdb_primary_genre_svd_4": 0.016097281128168106
    }
}