{
    "metrics": {
        "roc_auc": 0.9873406530722975,
        "accuracy": 0.9499372253609542,
        "precision": 0.9428868120456906,
        "sensitivity": 0.9464906184850591,
        "specificity": 0.9527761877504293
    },
    "hyperparameters": {
        "objective": "binary:logistic",
        "eval_metric": "auc",
        "n_estimators": 137,
        "learning_rate": 0.0596113389358985,
        "max_depth": 5,
        "reg_alpha": 3.817902265551881,
        "reg_lambda": 0.9303104769184423,
        "tree_method": "hist",
        "random_state": 42,
        "verbosity": 0,
        "n_jobs": -1
    },
    "confusion_matrix": {
        "True_Positives": 2724,
        "False_Positives": 165,
        "True_Negatives": 3329,
        "False_Negatives": 154
    },
    "feature_importances_gain": {
        "runtimeMinutes": 0.016419850289821625,
        "numVotes": 0.011210975237190723,
        "startYear": 0.024922793731093407,
        "endYear": 0.0,
        "director_avg_centrality": 0.00768344197422266,
        "director_count": 0.013934504240751266,
        "writer_avg_centrality": 0.01424448937177658,
        "writer_count": 0.006980602629482746,
        "writer_writer_max_collab_weight": 0.010219747200608253,
        "writer_director_max_collab_weight": 0.006288622040301561,
        "tmdb_popularity": 0.03964810445904732,
        "tmdb_vote_average": 0.649081289768219,
        "tmdb_budget": 0.012280010618269444,
        "tmdb_revenue": 0.03324715048074722,
        "tmdb_primary_genre": 0.06059282273054123,
        "tmdb_production_company": 0.020489616319537163,
        "tmdb_success": 0.0,
        "tmdb_primary_genre_svd_0": 0.010283572599291801,
        "tmdb_primary_genre_svd_1": 0.016980212181806564,
        "tmdb_primary_genre_svd_2": 0.015317103825509548,
        "tmdb_primary_genre_svd_3": 0.009121510200202465,
        "tmdb_primary_genre_svd_4": 0.021053630858659744
    }
}