{
    "metrics": {
        "roc_auc": 0.9859860661985022,
        "accuracy": 0.944716672948863,
        "precision": 0.9455321285140562,
        "sensitivity": 0.944110275689223,
        "specificity": 0.9453262786596119
    },
    "hyperparameters": {
        "objective": "binary:logistic",
        "eval_metric": "auc",
        "n_estimators": 225,
        "learning_rate": 0.1720585044404728,
        "max_depth": 3,
        "reg_alpha": 6.880828060891498,
        "reg_lambda": 37.92058150296235,
        "tree_method": "hist",
        "random_state": 42,
        "verbosity": 0,
        "n_jobs": -1
    },
    "confusion_matrix": {
        "True_Positives": 3767,
        "False_Positives": 217,
        "True_Negatives": 3752,
        "False_Negatives": 223
    },
    "feature_importances_gain": {
        "": 0.0,
        "runtimeMinutes": 0.032055001705884933,
        "numVotes": 0.007380268536508083,
        "startYear": 0.02371731773018837,
        "endYear": 0.0,
        "tmdb_popularity": 0.055030398070812225,
        "tmdb_vote_average": 0.6479721665382385,
        "tmdb_budget": 0.012335811741650105,
        "tmdb_revenue": 0.017790229991078377,
        "tmdb_primary_genre": 0.05790875852108002,
        "tmdb_original_language": 0.04092055559158325,
        "tmdb_origin_country": 0.051333948969841,
        "tmdb_production_company": 0.011001196689903736,
        "budget_revenue_ratio": 0.014337019994854927,
        "votes_x_popularity": 0.002658930839970708,
        "director_avg_centrality": 0.004658968187868595,
        "director_count": 0.0,
        "writer_avg_centrality": 0.009960166178643703,
        "writer_count": 0.0013474265579134226,
        "writer_writer_max_collab_weight": 0.0038112627808004618,
        "writer_director_max_collab_weight": 0.005780601873993874
    }
}