{
    "metrics": {
        "roc_auc": 0.9901392432959445,
        "accuracy": 0.9585375047116472,
        "precision": 0.9575,
        "sensitivity": 0.9598997493734336,
        "specificity": 0.9571680524061477
    },
    "hyperparameters": {
        "objective": "binary:logistic",
        "eval_metric": "auc",
        "n_estimators": 300,
        "learning_rate": 0.08601199484227445,
        "max_depth": 10,
        "reg_alpha": 8.663097311021083,
        "reg_lambda": 5.9245223513764955,
        "tree_method": "hist",
        "random_state": 42,
        "verbosity": 0,
        "n_jobs": -1
    },
    "confusion_matrix": {
        "True_Positives": 3830,
        "False_Positives": 170,
        "True_Negatives": 3799,
        "False_Negatives": 160
    },
    "feature_importances_gain": {
        "": 0.006854877807199955,
        "runtimeMinutes": 0.012818464078009129,
        "numVotes": 0.005445896647870541,
        "startYear": 0.024547051638364792,
        "endYear": 0.0,
        "tmdb_popularity": 0.027584094554185867,
        "tmdb_vote_average": 0.7594197392463684,
        "tmdb_budget": 0.013132047839462757,
        "tmdb_revenue": 0.02008153311908245,
        "tmdb_primary_genre": 0.040873244404792786,
        "tmdb_original_language": 0.011000840924680233,
        "tmdb_origin_country": 0.024252919480204582,
        "tmdb_production_company": 0.002742558252066374,
        "tmdb_success": 0.0,
        "tmdb_primary_genre_encoded": 0.008445503190159798,
        "tmdb_original_language_encoded": 0.006319285370409489,
        "tmdb_origin_country_encoded": 0.006890458520501852,
        "director_avg_centrality": 0.003817163407802582,
        "director_count": 0.003417918924242258,
        "writer_avg_centrality": 0.007989768870174885,
        "writer_count": 0.003145216964185238,
        "writer_writer_max_collab_weight": 0.003759766696020961,
        "writer_director_max_collab_weight": 0.007461747620254755
    }
}