{
    "metrics": {
        "roc_auc": 0.9823416099931183,
        "accuracy": 0.9450980392156862,
        "precision": 0.941958041958042,
        "sensitivity": 0.9360667129951356,
        "specificity": 0.9525307406348299
    },
    "hyperparameters": {
        "objective": "binary:logistic",
        "eval_metric": "auc",
        "n_estimators": 148,
        "learning_rate": 0.034292185029031905,
        "max_depth": 9,
        "reg_alpha": 8.931446583867373,
        "reg_lambda": 1.0980852428653753,
        "tree_method": "hist",
        "random_state": 42,
        "verbosity": 0,
        "n_jobs": -1
    },
    "confusion_matrix": {
        "True_Positives": 2694,
        "False_Positives": 166,
        "True_Negatives": 3331,
        "False_Negatives": 184
    }
}