{
    "metrics": {
        "roc_auc": 0.9862789374544955,
        "accuracy": 0.9483603467772334,
        "precision": 0.9488337095560572,
        "sensitivity": 0.9481203007518797,
        "specificity": 0.9486016628873771
    },
    "hyperparameters": {
        "objective": "binary:logistic",
        "eval_metric": "auc",
        "n_estimators": 446,
        "learning_rate": 0.03646868279444421,
        "max_depth": 9,
        "reg_alpha": 2.85846978142115,
        "reg_lambda": 35.16206933379288,
        "tree_method": "hist",
        "random_state": 42,
        "verbosity": 0,
        "n_jobs": -1
    },
    "confusion_matrix": {
        "True_Positives": 3783,
        "False_Positives": 204,
        "True_Negatives": 3765,
        "False_Negatives": 207
    },
    "feature_importances_gain": {
        "": 0.004388959612697363,
        "runtimeMinutes": 0.017709745094180107,
        "numVotes": 0.008346276357769966,
        "startYear": 0.027944641187787056,
        "endYear": 0.0,
        "tmdb_popularity": 0.02788502350449562,
        "tmdb_vote_average": 0.6706302165985107,
        "tmdb_budget": 0.013193962164223194,
        "tmdb_revenue": 0.01782991737127304,
        "tmdb_primary_genre": 0.0582595020532608,
        "tmdb_original_language": 0.05113177374005318,
        "tmdb_origin_country": 0.02254137583076954,
        "tmdb_production_company": 0.005419574212282896,
        "budget_revenue_ratio": 0.018164481967687607,
        "votes_x_popularity": 0.006035887636244297,
        "director_avg_centrality": 0.005713652819395065,
        "director_count": 0.0062311976216733456,
        "writer_avg_centrality": 0.017174892127513885,
        "writer_count": 0.004708404187113047,
        "writer_writer_max_collab_weight": 0.005488366354256868,
        "writer_director_max_collab_weight": 0.011202062480151653
    }
}