{
    "metrics": {
        "roc_auc": 0.978109136534963,
        "accuracy": 0.9497424299535118,
        "precision": 0.9489744872436218,
        "sensitivity": 0.9508771929824561,
        "specificity": 0.9486016628873771
    },
    "hyperparameters": {
        "objective": "binary:logistic",
        "eval_metric": "auc",
        "n_estimators": 266,
        "learning_rate": 0.016334503008996047,
        "max_depth": 4,
        "reg_alpha": 22.992788714720305,
        "reg_lambda": 1.381325331199208,
        "tree_method": "hist",
        "random_state": 42,
        "verbosity": 0,
        "n_jobs": -1
    },
    "confusion_matrix": {
        "True_Positives": 3794,
        "False_Positives": 204,
        "True_Negatives": 3765,
        "False_Negatives": 196
    },
    "feature_importances_gain": {
        "": 0.003092265920713544,
        "runtimeMinutes": 0.01844615861773491,
        "numVotes": 0.004991018678992987,
        "startYear": 0.025992363691329956,
        "endYear": 0.0,
        "tmdb_popularity": 0.02357996441423893,
        "tmdb_vote_average": 0.7687299847602844,
        "tmdb_budget": 0.0041259098798036575,
        "tmdb_revenue": 0.03454703837633133,
        "tmdb_primary_genre": 0.06172110512852669,
        "tmdb_original_language": 0.009015046991407871,
        "tmdb_origin_country": 0.020773926749825478,
        "tmdb_production_company": 0.002976632211357355,
        "budget_revenue_ratio": 0.0033919585403054953,
        "votes_x_popularity": 0.001085830619558692,
        "director_avg_centrality": 0.0015486606862396002,
        "director_count": 0.0035128821618855,
        "writer_avg_centrality": 0.008698458783328533,
        "writer_count": 0.003297583432868123,
        "writer_writer_max_collab_weight": 0.0,
        "writer_director_max_collab_weight": 0.00047314143739640713
    }
}