{
    "metrics": {
        "roc_auc": 0.9915775202682948,
        "accuracy": 0.9610503832139716,
        "precision": 0.9577114427860697,
        "sensitivity": 0.9649122807017544,
        "specificity": 0.9571680524061477
    },
    "hyperparameters": {
        "objective": "binary:logistic",
        "eval_metric": "auc",
        "n_estimators": 243,
        "learning_rate": 0.2722574197797595,
        "max_depth": 5,
        "reg_alpha": 2.767539236909184,
        "reg_lambda": 6.937558998142928,
        "tree_method": "hist",
        "random_state": 42,
        "verbosity": 0,
        "n_jobs": -1
    },
    "confusion_matrix": {
        "True_Positives": 3850,
        "False_Positives": 170,
        "True_Negatives": 3799,
        "False_Negatives": 140
    },
    "feature_importances_gain": {
        "": 0.0,
        "runtimeMinutes": 0.011777357198297977,
        "numVotes": 0.007001698948442936,
        "startYear": 0.026010477915406227,
        "endYear": 0.0,
        "tmdb_popularity": 0.03265489265322685,
        "tmdb_vote_average": 0.7154085636138916,
        "tmdb_budget": 0.023846834897994995,
        "tmdb_revenue": 0.02089027874171734,
        "tmdb_primary_genre": 0.05948259308934212,
        "tmdb_original_language": 0.025000259280204773,
        "tmdb_origin_country": 0.025706736370921135,
        "tmdb_production_company": 0.010663891211152077,
        "director_avg_centrality": 0.007209431380033493,
        "director_count": 0.006612804252654314,
        "writer_avg_centrality": 0.0091554531827569,
        "writer_count": 0.005828547291457653,
        "writer_writer_max_collab_weight": 0.004158345982432365,
        "writer_director_max_collab_weight": 0.008591881953179836
    }
}