{
    "metrics": {
        "roc_auc": 0.9894843243154497,
        "accuracy": 0.9570297776102525,
        "precision": 0.9569138276553106,
        "sensitivity": 0.9573934837092731,
        "specificity": 0.9566641471403377
    },
    "hyperparameters": {
        "objective": "binary:logistic",
        "eval_metric": "auc",
        "n_estimators": 326,
        "learning_rate": 0.1621454134605322,
        "max_depth": 7,
        "reg_alpha": 16.27970937712223,
        "reg_lambda": 6.387560164935659,
        "tree_method": "hist",
        "random_state": 42,
        "verbosity": 0,
        "n_jobs": -1
    },
    "confusion_matrix": {
        "True_Positives": 3820,
        "False_Positives": 172,
        "True_Negatives": 3797,
        "False_Negatives": 170
    },
    "feature_importances_gain": {
        "": 0.004719502758234739,
        "runtimeMinutes": 0.009807433933019638,
        "numVotes": 0.00570349907502532,
        "startYear": 0.02594124525785446,
        "endYear": 0.0,
        "tmdb_popularity": 0.024653267115354538,
        "tmdb_vote_average": 0.7911056876182556,
        "tmdb_budget": 0.005282137077301741,
        "tmdb_revenue": 0.02109033800661564,
        "tmdb_primary_genre": 0.054617125540971756,
        "tmdb_original_language": 0.0061097233556210995,
        "tmdb_origin_country": 0.021812351420521736,
        "tmdb_production_company": 0.0028161518275737762,
        "budget_revenue_ratio": 0.0034167910926043987,
        "votes_x_popularity": 0.002006502589210868,
        "director_avg_centrality": 0.0015123361954465508,
        "director_count": 0.0025586222764104605,
        "writer_avg_centrality": 0.006087033543735743,
        "writer_count": 0.004285301547497511,
        "writer_writer_max_collab_weight": 0.00230886391364038,
        "writer_director_max_collab_weight": 0.004166094586253166
    }
}