{
    "metrics": {
        "roc_auc": 0.9912550019543696,
        "accuracy": 0.9606734514386229,
        "precision": 0.9579078455790785,
        "sensitivity": 0.9639097744360903,
        "specificity": 0.9574200050390527
    },
    "hyperparameters": {
        "objective": "binary:logistic",
        "eval_metric": "auc",
        "n_estimators": 344,
        "learning_rate": 0.07769210971157822,
        "max_depth": 9,
        "reg_alpha": 2.0362255742422564,
        "reg_lambda": 6.3493032947254004,
        "tree_method": "hist",
        "random_state": 42,
        "verbosity": 0,
        "n_jobs": -1
    },
    "confusion_matrix": {
        "True_Positives": 3846,
        "False_Positives": 169,
        "True_Negatives": 3800,
        "False_Negatives": 144
    },
    "feature_importances_gain": {
        "": 0.015361316502094269,
        "runtimeMinutes": 0.011392706073820591,
        "numVotes": 0.007779586594551802,
        "startYear": 0.025234054774045944,
        "endYear": 0.0,
        "tmdb_popularity": 0.032039739191532135,
        "tmdb_vote_average": 0.6958442330360413,
        "tmdb_budget": 0.019416576251387596,
        "tmdb_revenue": 0.022002024576067924,
        "tmdb_primary_genre": 0.05263889208436012,
        "tmdb_original_language": 0.034687209874391556,
        "tmdb_origin_country": 0.02363762818276882,
        "tmdb_production_company": 0.009907471016049385,
        "director_avg_centrality": 0.00933118723332882,
        "director_count": 0.007891304790973663,
        "writer_avg_centrality": 0.00978004839271307,
        "writer_count": 0.005871374625712633,
        "writer_writer_max_collab_weight": 0.005078253336250782,
        "writer_director_max_collab_weight": 0.012106361798942089
    }
}