{
    "metrics": {
        "roc_auc": 0.9863463142613399,
        "accuracy": 0.9477321271516522,
        "precision": 0.9480942828485457,
        "sensitivity": 0.9476190476190476,
        "specificity": 0.9478458049886621
    },
    "hyperparameters": {
        "objective": "binary:logistic",
        "eval_metric": "auc",
        "n_estimators": 318,
        "learning_rate": 0.2967342929385505,
        "max_depth": 8,
        "reg_alpha": 4.5292741921872315,
        "reg_lambda": 23.67186719730798,
        "tree_method": "hist",
        "random_state": 42,
        "verbosity": 0,
        "n_jobs": -1
    },
    "confusion_matrix": {
        "True_Positives": 3781,
        "False_Positives": 207,
        "True_Negatives": 3762,
        "False_Negatives": 209
    },
    "feature_importances_gain": {
        "": 0.00852199923247099,
        "runtimeMinutes": 0.01929136924445629,
        "numVotes": 0.009531555697321892,
        "startYear": 0.028136519715189934,
        "endYear": 0.0,
        "tmdb_popularity": 0.02958787977695465,
        "tmdb_vote_average": 0.6891990900039673,
        "tmdb_budget": 0.01004884671419859,
        "tmdb_revenue": 0.016298657283186913,
        "tmdb_primary_genre": 0.05016888305544853,
        "tmdb_original_language": 0.03084797039628029,
        "tmdb_origin_country": 0.02176787331700325,
        "tmdb_production_company": 0.006840450689196587,
        "budget_revenue_ratio": 0.018085738644003868,
        "votes_x_popularity": 0.006999720353633165,
        "director_avg_centrality": 0.00681308563798666,
        "director_count": 0.00815835501998663,
        "writer_avg_centrality": 0.018115727230906487,
        "writer_count": 0.0057506621815264225,
        "writer_writer_max_collab_weight": 0.004855372477322817,
        "writer_director_max_collab_weight": 0.010980173014104366
    }
}