{
    "metrics": {
        "roc_auc": 0.9882273612701691,
        "accuracy": 0.9511927181418707,
        "precision": 0.9467455621301775,
        "sensitivity": 0.9451007644197359,
        "specificity": 0.9562106468231254
    },
    "hyperparameters": {
        "objective": "binary:logistic",
        "eval_metric": "auc",
        "n_estimators": 423,
        "learning_rate": 0.03855412381411854,
        "max_depth": 10,
        "reg_alpha": 4.802263227756559,
        "reg_lambda": 4.334774391209253,
        "tree_method": "hist",
        "random_state": 42,
        "verbosity": 0,
        "n_jobs": -1
    },
    "confusion_matrix": {
        "True_Positives": 2720,
        "False_Positives": 153,
        "True_Negatives": 3341,
        "False_Negatives": 158
    },
    "feature_importances_gain": {
        "runtimeMinutes": 0.013894092291593552,
        "numVotes": 0.010315967723727226,
        "startYear": 0.02818487025797367,
        "endYear": 0.0,
        "director_avg_centrality": 0.004369611386209726,
        "director_count": 0.008987522684037685,
        "writer_avg_centrality": 0.012000882998108864,
        "writer_count": 0.004723743069916964,
        "writer_writer_max_collab_weight": 0.00907656829804182,
        "writer_director_max_collab_weight": 0.005908710416406393,
        "tmdb_popularity": 0.03455016762018204,
        "tmdb_vote_average": 0.6856632828712463,
        "tmdb_budget": 0.007839093916118145,
        "tmdb_revenue": 0.03419065102934837,
        "tmdb_primary_genre": 0.05594237521290779,
        "tmdb_production_company": 0.016830142587423325,
        "tmdb_success": 0.0,
        "tmdb_primary_genre_svd_0": 0.00926724448800087,
        "tmdb_primary_genre_svd_1": 0.014135006815195084,
        "tmdb_primary_genre_svd_2": 0.016304701566696167,
        "tmdb_primary_genre_svd_3": 0.008601128123700619,
        "tmdb_primary_genre_svd_4": 0.01921430230140686
    }
}