{
    "metrics": {
        "roc_auc": 0.9906486738387921,
        "accuracy": 0.9569041336851363,
        "precision": 0.9553058676654183,
        "sensitivity": 0.9588972431077695,
        "specificity": 0.9549004787100025
    },
    "hyperparameters": {
        "objective": "binary:logistic",
        "eval_metric": "auc",
        "n_estimators": 328,
        "learning_rate": 0.10515854334555948,
        "max_depth": 7,
        "reg_alpha": 8.967846094026674,
        "reg_lambda": 7.405705050015711,
        "tree_method": "hist",
        "random_state": 42,
        "verbosity": 0,
        "n_jobs": -1
    },
    "confusion_matrix": {
        "True_Positives": 3826,
        "False_Positives": 179,
        "True_Negatives": 3790,
        "False_Negatives": 164
    },
    "feature_importances_gain": {
        "": 0.0040492401458323,
        "runtimeMinutes": 0.012681141495704651,
        "numVotes": 0.005033213645219803,
        "startYear": 0.026969926431775093,
        "endYear": 0.0,
        "tmdb_popularity": 0.030173305422067642,
        "tmdb_vote_average": 0.7703359127044678,
        "tmdb_budget": 0.01074682641774416,
        "tmdb_revenue": 0.021820068359375,
        "tmdb_primary_genre": 0.04717956855893135,
        "tmdb_original_language": 0.008415179327130318,
        "tmdb_origin_country": 0.02708102948963642,
        "tmdb_production_company": 0.0033911578357219696,
        "director_avg_centrality": 0.004133488051593304,
        "director_count": 0.0034037483856081963,
        "writer_avg_centrality": 0.009932032786309719,
        "writer_count": 0.0040289671160280704,
        "writer_writer_max_collab_weight": 0.003672276623547077,
        "writer_director_max_collab_weight": 0.006952856667339802
    }
}