{
    "metrics": {
        "roc_auc": 0.9913751056906565,
        "accuracy": 0.9596683000376932,
        "precision": 0.9557763975155279,
        "sensitivity": 0.9641604010025062,
        "specificity": 0.9551524313429075
    },
    "hyperparameters": {
        "objective": "binary:logistic",
        "eval_metric": "auc",
        "n_estimators": 152,
        "learning_rate": 0.12159525363630595,
        "max_depth": 6,
        "reg_alpha": 3.082265015220209,
        "reg_lambda": 5.754724009850967,
        "tree_method": "hist",
        "random_state": 42,
        "verbosity": 0,
        "n_jobs": -1
    },
    "confusion_matrix": {
        "True_Positives": 3847,
        "False_Positives": 178,
        "True_Negatives": 3791,
        "False_Negatives": 143
    },
    "feature_importances_gain": {
        "": 0.004564500879496336,
        "runtimeMinutes": 0.012320530600845814,
        "numVotes": 0.007466977462172508,
        "startYear": 0.02509135566651821,
        "endYear": 0.0,
        "tmdb_popularity": 0.032669611275196075,
        "tmdb_vote_average": 0.7100062966346741,
        "tmdb_budget": 0.022023925557732582,
        "tmdb_revenue": 0.022924471646547318,
        "tmdb_primary_genre": 0.04904516786336899,
        "tmdb_original_language": 0.0322410874068737,
        "tmdb_origin_country": 0.02719123847782612,
        "tmdb_production_company": 0.010686110705137253,
        "director_avg_centrality": 0.0105251744389534,
        "director_count": 0.005765598267316818,
        "writer_avg_centrality": 0.008308581076562405,
        "writer_count": 0.005604899488389492,
        "writer_writer_max_collab_weight": 0.00453537842258811,
        "writer_director_max_collab_weight": 0.009029090404510498
    }
}