{
    "metrics": {
        "roc_auc": 0.9905739405202347,
        "accuracy": 0.9604221635883905,
        "precision": 0.9585724981282755,
        "sensitivity": 0.96265664160401,
        "specificity": 0.9581758629377677
    },
    "hyperparameters": {
        "objective": "binary:logistic",
        "eval_metric": "auc",
        "n_estimators": 158,
        "learning_rate": 0.19621112332096013,
        "max_depth": 9,
        "reg_alpha": 4.688043039558392,
        "reg_lambda": 4.174081736108222,
        "tree_method": "hist",
        "random_state": 42,
        "verbosity": 0,
        "n_jobs": -1
    },
    "confusion_matrix": {
        "True_Positives": 3841,
        "False_Positives": 166,
        "True_Negatives": 3803,
        "False_Negatives": 149
    },
    "feature_importances_gain": {
        "": 0.004970313049852848,
        "runtimeMinutes": 0.011476431041955948,
        "numVotes": 0.00741849560290575,
        "startYear": 0.02441953867673874,
        "endYear": 0.0,
        "tmdb_popularity": 0.029703766107559204,
        "tmdb_vote_average": 0.7424393892288208,
        "tmdb_budget": 0.01588316261768341,
        "tmdb_revenue": 0.019124051555991173,
        "tmdb_primary_genre": 0.04281589388847351,
        "tmdb_original_language": 0.015782637521624565,
        "tmdb_origin_country": 0.03267648443579674,
        "tmdb_production_company": 0.006548350211232901,
        "budget_revenue_ratio": 0.003503236686810851,
        "votes_x_popularity": 0.005817496683448553,
        "director_avg_centrality": 0.007173446472734213,
        "director_count": 0.00467163510620594,
        "writer_avg_centrality": 0.006494263187050819,
        "writer_count": 0.006757252383977175,
        "writer_writer_max_collab_weight": 0.004834271967411041,
        "writer_director_max_collab_weight": 0.007490099407732487
    }
}