{
    "metrics": {
        "roc_auc": 0.9897383607671232,
        "accuracy": 0.9576579972358337,
        "precision": 0.955827302221113,
        "sensitivity": 0.9598997493734336,
        "specificity": 0.9554043839758125
    },
    "hyperparameters": {
        "objective": "binary:logistic",
        "eval_metric": "auc",
        "n_estimators": 525,
        "learning_rate": 0.04297711190625475,
        "max_depth": 7,
        "reg_alpha": 9.953254367732534,
        "reg_lambda": 35.042685479608465,
        "tree_method": "hist",
        "random_state": 42,
        "verbosity": 0,
        "n_jobs": -1
    },
    "confusion_matrix": {
        "True_Positives": 3830,
        "False_Positives": 177,
        "True_Negatives": 3792,
        "False_Negatives": 160
    },
    "feature_importances_gain": {
        "": 0.005051939282566309,
        "runtimeMinutes": 0.01216762326657772,
        "numVotes": 0.00499612744897604,
        "startYear": 0.026399003341794014,
        "endYear": 0.0,
        "tmdb_popularity": 0.030015939846634865,
        "tmdb_vote_average": 0.7677197456359863,
        "tmdb_budget": 0.008231238462030888,
        "tmdb_revenue": 0.01985764689743519,
        "tmdb_primary_genre": 0.05556348338723183,
        "tmdb_original_language": 0.004204146564006805,
        "tmdb_origin_country": 0.035175640136003494,
        "tmdb_production_company": 0.003715272294357419,
        "budget_revenue_ratio": 0.00338629144243896,
        "votes_x_popularity": 0.0022308414336293936,
        "director_avg_centrality": 0.0026211098302155733,
        "director_count": 0.0024161115288734436,
        "writer_avg_centrality": 0.005844734609127045,
        "writer_count": 0.0032427343539893627,
        "writer_writer_max_collab_weight": 0.003494772594422102,
        "writer_director_max_collab_weight": 0.003665547352284193
    }
}