{
    "metrics": {
        "roc_auc": 0.987744641192917,
        "accuracy": 0.9527426160337553,
        "precision": 0.9469814241486069,
        "sensitivity": 0.9447876447876448,
        "specificity": 0.9589205397301349
    },
    "hyperparameters": {
        "objective": "binary:logistic",
        "eval_metric": "auc",
        "n_estimators": 233,
        "learning_rate": 0.12846978192999106,
        "max_depth": 9,
        "reg_alpha": 7.168410435335151,
        "reg_lambda": 2.7603801187124177,
        "tree_method": "hist",
        "random_state": 42,
        "verbosity": 0,
        "n_jobs": -1
    },
    "confusion_matrix": {
        "True_Positives": 2447,
        "False_Positives": 137,
        "True_Negatives": 3198,
        "False_Negatives": 143
    },
    "feature_importances_gain": {
        "runtimeMinutes": 0.014767562970519066,
        "numVotes": 0.008408766239881516,
        "startYear": 0.030651777982711792,
        "endYear": 0.0,
        "director_avg_centrality": 0.009245219640433788,
        "director_count": 0.0029461635276675224,
        "writer_avg_centrality": 0.023775700479745865,
        "writer_count": 0.005526023916900158,
        "writer_writer_max_collab_weight": 0.006380527280271053,
        "writer_director_max_collab_weight": 0.004414201248437166,
        "tmdb_popularity": 0.026115763932466507,
        "tmdb_vote_average": 0.7499463558197021,
        "tmdb_budget": 0.009948915801942348,
        "tmdb_revenue": 0.012024234980344772,
        "tmdb_primary_genre": 0.032422058284282684,
        "tmdb_production_company": 0.004011739511042833,
        "tmdb_success": 0.0,
        "tmdb_primary_genre_svd_0": 0.0032153460197150707,
        "tmdb_primary_genre_svd_1": 0.01455755066126585,
        "tmdb_primary_genre_svd_2": 0.009720519185066223,
        "tmdb_primary_genre_svd_3": 0.010399509221315384,
        "tmdb_primary_genre_svd_4": 0.021522020921111107
    }
}